PE, avg_PE, time
-2.7852 ,2.38315e+11 ,0.0102714
-2.7852 ,2.38315e+11 ,0.0104385
-2.7852 ,2.38315e+11 ,0.0105794
-2.7852 ,2.38315e+11 ,0.0107206
-2.7852 ,2.38315e+11 ,0.0108593
-2.7852 ,2.38315e+11 ,0.0110036
-2.7852 ,2.38315e+11 ,0.0111483
-2.7852 ,2.38315e+11 ,0.0112922
-2.7852 ,2.38315e+11 ,0.0114346
-2.7852 ,2.38315e+11 ,0.0115751
-2.7852 ,2.38315e+11 ,0.0117153
-2.7852 ,2.38315e+11 ,0.0118543
-2.7852 ,2.38315e+11 ,0.0119958
-2.7852 ,2.38315e+11 ,0.0121352
-2.7852 ,2.38315e+11 ,0.0122739
-2.7852 ,2.38315e+11 ,0.0124158
-2.7852 ,2.38315e+11 ,0.0125783
-2.7852 ,2.38315e+11 ,0.0127754
-2.7852 ,2.38315e+11 ,0.0129555
-2.7852 ,2.38315e+11 ,0.0131159
-2.7852 ,2.38315e+11 ,0.0132752
-2.7852 ,2.38315e+11 ,0.013441
-2.7852 ,2.38315e+11 ,0.0135997
-2.7852 ,2.38315e+11 ,0.013765
-2.7852 ,2.38315e+11 ,0.0139224
-2.7852 ,2.38315e+11 ,0.0140857
-2.7852 ,2.38315e+11 ,0.0142437
-2.7852 ,2.38315e+11 ,0.0143831
-2.7852 ,2.38315e+11 ,0.0145216
-2.7852 ,2.38315e+11 ,0.0146598
-2.7852 ,2.38315e+11 ,0.0148074
-2.7852 ,2.38315e+11 ,0.0149621
-2.7852 ,2.38315e+11 ,0.015109
-2.7852 ,2.38315e+11 ,0.0152523
-2.7852 ,2.38315e+11 ,0.0153989
-2.7852 ,2.38315e+11 ,0.0155455
-2.7852 ,2.38315e+11 ,0.0156959
-2.7852 ,2.38315e+11 ,0.0158468
-2.7852 ,2.38315e+11 ,0.0159996
-2.7852 ,2.38315e+11 ,0.0161524
-2.7852 ,2.38315e+11 ,0.0163085
-2.7852 ,2.38315e+11 ,0.0164591
-2.7852 ,2.38315e+11 ,0.0166106
-2.7852 ,2.38315e+11 ,0.0167854
-2.7852 ,2.38315e+11 ,0.0169435
-2.7852 ,2.38315e+11 ,0.0170816
-2.7852 ,2.38315e+11 ,0.0172239
-2.7852 ,2.38315e+11 ,0.0173725
-2.7852 ,2.38315e+11 ,0.0175226
-2.7852 ,2.38315e+11 ,0.0176695
-2.7852 ,2.38315e+11 ,0.0178171
-2.7852 ,2.38315e+11 ,0.0179642
-2.7852 ,2.38315e+11 ,0.0181244
-2.7852 ,2.38315e+11 ,0.0182846
-2.7852 ,2.38315e+11 ,0.0184313
-2.7852 ,2.38315e+11 ,0.0185742
-2.7852 ,2.38315e+11 ,0.0187226
-2.7852 ,2.38315e+11 ,0.0188707
-2.7852 ,2.38315e+11 ,0.0190144
-2.7852 ,2.38315e+11 ,0.0191685
-2.7852 ,2.38315e+11 ,0.0193163
-2.7852 ,2.38315e+11 ,0.0194627
-2.7852 ,2.38315e+11 ,0.0196164
-2.7852 ,2.38315e+11 ,0.0197602
-2.7852 ,2.38315e+11 ,0.019897
-2.7852 ,2.38315e+11 ,0.0200398
-2.79297 ,1.19157e+11 ,0.0201818
-2.79297 ,1.19157e+11 ,0.020327
-2.79297 ,1.19157e+11 ,0.0204684
-2.79297 ,1.19157e+11 ,0.0206116
-2.79297 ,1.19157e+11 ,0.0207639
-2.79297 ,1.19157e+11 ,0.0209169
-2.79297 ,1.19157e+11 ,0.021064
-2.79297 ,1.19157e+11 ,0.0212067
-2.79297 ,1.19157e+11 ,0.0213531
-2.79297 ,1.19157e+11 ,0.021491
-2.79297 ,1.19157e+11 ,0.0216306
-2.79297 ,1.19157e+11 ,0.0217747
-2.79297 ,1.19157e+11 ,0.0219141
-2.79297 ,1.19157e+11 ,0.0220524
-2.79297 ,1.19157e+11 ,0.0221925
-3.44865 ,7.94382e+10 ,0.0223359
-3.44865 ,7.94382e+10 ,0.0224822
-3.44865 ,7.94382e+10 ,0.0226285
-3.44865 ,7.94382e+10 ,0.0227747
-3.44865 ,7.94382e+10 ,0.0229151
-3.44865 ,7.94382e+10 ,0.0230604
-3.44865 ,7.94382e+10 ,0.0232031
-3.44865 ,7.94382e+10 ,0.0233465
-3.44865 ,7.94382e+10 ,0.023494
-3.44865 ,7.94382e+10 ,0.0236336
-3.44865 ,7.94382e+10 ,0.0237712
-3.44865 ,7.94382e+10 ,0.0239091
-3.44865 ,7.94382e+10 ,0.0240488
-3.44865 ,7.94382e+10 ,0.0241987
-3.44865 ,7.94382e+10 ,0.024346
-3.44865 ,7.94382e+10 ,0.024488
-3.44865 ,7.94382e+10 ,0.0246306
-3.44865 ,7.94382e+10 ,0.0248012
-3.44865 ,7.94382e+10 ,0.0249557
-3.44865 ,7.94382e+10 ,0.0251002
-3.44865 ,7.94382e+10 ,0.0252512
-3.44865 ,7.94382e+10 ,0.02539
-3.44865 ,7.94382e+10 ,0.0255324
-3.44865 ,7.94382e+10 ,0.0256748
-3.44865 ,7.94382e+10 ,0.0258136
-3.44865 ,7.94382e+10 ,0.0259536
-3.44865 ,7.94382e+10 ,0.0260942
-3.44865 ,7.94382e+10 ,0.0262351
-3.44865 ,7.94382e+10 ,0.0263767
-3.44865 ,7.94382e+10 ,0.0265201
-3.44865 ,7.94382e+10 ,0.0266581
-3.44865 ,7.94382e+10 ,0.026798
-3.44865 ,7.94382e+10 ,0.0269387
-3.44865 ,7.94382e+10 ,0.0270782
-3.44865 ,7.94382e+10 ,0.0272162
-3.44865 ,7.94382e+10 ,0.0273585
-3.44865 ,7.94382e+10 ,0.0275018
-3.44865 ,7.94382e+10 ,0.0276405
-3.44865 ,7.94382e+10 ,0.0277804
-3.44865 ,7.94382e+10 ,0.0279192
-3.44865 ,7.94382e+10 ,0.0280541
-3.44865 ,7.94382e+10 ,0.0281891
-3.7641 ,5.95787e+10 ,0.0283249
-3.7641 ,5.95787e+10 ,0.0284602
-3.7641 ,5.95787e+10 ,0.0285943
-3.7641 ,5.95787e+10 ,0.0287353
-3.7641 ,5.95787e+10 ,0.0288797
-3.7641 ,5.95787e+10 ,0.0290161
-3.7641 ,5.95787e+10 ,0.029151
-3.7641 ,5.95787e+10 ,0.0292867
-3.7641 ,5.95787e+10 ,0.029422
-3.7641 ,5.95787e+10 ,0.0295591
-3.7641 ,5.95787e+10 ,0.0296942
-3.7641 ,5.95787e+10 ,0.0298294
-3.7641 ,5.95787e+10 ,0.0299645
-3.7641 ,5.95787e+10 ,0.0301001
-3.7641 ,5.95787e+10 ,0.0302337
-3.7641 ,5.95787e+10 ,0.0303701
-3.7641 ,5.95787e+10 ,0.0305092
-3.7641 ,5.95787e+10 ,0.0306437
-3.7641 ,5.95787e+10 ,0.0307773
-3.7641 ,5.95787e+10 ,0.0309102
-3.7641 ,5.95787e+10 ,0.0310463
-3.7641 ,5.95787e+10 ,0.0311811
-3.7641 ,5.95787e+10 ,0.0313161
-3.7641 ,5.95787e+10 ,0.0314501
-3.7641 ,5.95787e+10 ,0.0315832
-3.7641 ,5.95787e+10 ,0.0317183
-3.7641 ,5.95787e+10 ,0.031853
-3.7641 ,5.95787e+10 ,0.0319876
-3.7641 ,5.95787e+10 ,0.0321205
-3.7641 ,5.95787e+10 ,0.0322575
-3.7641 ,5.95787e+10 ,0.0323908
-3.7641 ,5.95787e+10 ,0.0325288
-3.7641 ,5.95787e+10 ,0.0326636
-3.7641 ,5.95787e+10 ,0.0328001
-3.7641 ,5.95787e+10 ,0.0329385
-3.7641 ,5.95787e+10 ,0.0330734
-3.7641 ,5.95787e+10 ,0.0332078
-3.7641 ,5.95787e+10 ,0.0333423
-3.7641 ,5.95787e+10 ,0.0334858
-3.7641 ,5.95787e+10 ,0.0336231
-3.7641 ,5.95787e+10 ,0.0337603
-3.7641 ,5.95787e+10 ,0.0338969
-3.7641 ,5.95787e+10 ,0.0340327
-3.7641 ,5.95787e+10 ,0.0341674
-3.7641 ,5.95787e+10 ,0.0343049
-3.7641 ,5.95787e+10 ,0.0344535
-3.7641 ,5.95787e+10 ,0.0345917
-3.7641 ,5.95787e+10 ,0.0347298
-3.7641 ,5.95787e+10 ,0.0348683
-3.7641 ,5.95787e+10 ,0.0350048
-3.7641 ,5.95787e+10 ,0.0351476
-3.7641 ,5.95787e+10 ,0.0352954
-3.7641 ,5.95787e+10 ,0.0354369
-3.7641 ,5.95787e+10 ,0.0355751
-3.7641 ,5.95787e+10 ,0.0357152
-3.7641 ,5.95787e+10 ,0.0358565
-3.7641 ,5.95787e+10 ,0.0359968
-3.7641 ,5.95787e+10 ,0.0361472
-3.7641 ,5.95787e+10 ,0.0362908
-3.7641 ,5.95787e+10 ,0.0364349
-3.7641 ,5.95787e+10 ,0.0365929
-3.7641 ,5.95787e+10 ,0.0367628
-3.7641 ,5.95787e+10 ,0.0369504
-3.7641 ,5.95787e+10 ,0.0370923
-3.7641 ,5.95787e+10 ,0.0372357
-3.7641 ,5.95787e+10 ,0.0373734
-3.7641 ,5.95787e+10 ,0.0375091
-3.7641 ,5.95787e+10 ,0.0376463
-3.7641 ,5.95787e+10 ,0.0377842
-3.7641 ,5.95787e+10 ,0.0379256
-3.7641 ,5.95787e+10 ,0.0380963
-3.7641 ,5.95787e+10 ,0.0382531
-3.7641 ,5.95787e+10 ,0.0383956
-3.7641 ,5.95787e+10 ,0.0385305
-4.79239 ,4.76629e+10 ,0.0386673
-4.79239 ,4.76629e+10 ,0.0388014
-4.79239 ,4.76629e+10 ,0.0389358
-4.79239 ,4.76629e+10 ,0.0390722
-4.79239 ,4.76629e+10 ,0.0392074
-4.79239 ,4.76629e+10 ,0.0393416
-4.79239 ,4.76629e+10 ,0.0394768
-4.79239 ,4.76629e+10 ,0.0396128
-4.79239 ,4.76629e+10 ,0.0397477
-4.79239 ,4.76629e+10 ,0.0398839
-4.79239 ,4.76629e+10 ,0.0400186
-4.79239 ,4.76629e+10 ,0.0401535
-4.79239 ,4.76629e+10 ,0.0402884
-4.79239 ,4.76629e+10 ,0.040424
-4.79239 ,4.76629e+10 ,0.0405656
-4.79239 ,4.76629e+10 ,0.0407016
-4.79239 ,4.76629e+10 ,0.0408413
-4.79239 ,4.76629e+10 ,0.04098
-4.79239 ,4.76629e+10 ,0.0411153
-5.18709 ,3.97191e+10 ,0.0412482
-5.18709 ,3.97191e+10 ,0.0413841
-5.18709 ,3.97191e+10 ,0.0415184
-5.18709 ,3.97191e+10 ,0.0416532
-5.18709 ,3.97191e+10 ,0.0417878
-5.18709 ,3.97191e+10 ,0.0419224
-5.18709 ,3.97191e+10 ,0.0420591
-5.18709 ,3.97191e+10 ,0.0421928
-5.18709 ,3.97191e+10 ,0.0423277
-5.18709 ,3.97191e+10 ,0.0424628
-5.18709 ,3.97191e+10 ,0.0425971
-5.18709 ,3.97191e+10 ,0.0427307
-5.18709 ,3.97191e+10 ,0.04287
-5.18709 ,3.97191e+10 ,0.0430048
-5.18709 ,3.97191e+10 ,0.0431399
-5.18709 ,3.97191e+10 ,0.0432749
-5.18709 ,3.97191e+10 ,0.0434103
-5.18709 ,3.97191e+10 ,0.0435456
-5.18709 ,3.97191e+10 ,0.0436797
-5.18709 ,3.97191e+10 ,0.0438151
-5.18709 ,3.97191e+10 ,0.0439494
-5.18709 ,3.97191e+10 ,0.044081
-5.18709 ,3.97191e+10 ,0.0442158
-5.18709 ,3.97191e+10 ,0.0443498
-5.18709 ,3.97191e+10 ,0.0444859
-5.86988 ,3.40449e+10 ,0.0446286
-5.86988 ,3.40449e+10 ,0.0447657
-5.86988 ,3.40449e+10 ,0.0449036
-5.86988 ,3.40449e+10 ,0.0450384
-5.86988 ,3.40449e+10 ,0.045174
-5.86988 ,3.40449e+10 ,0.0453092
-5.86988 ,3.40449e+10 ,0.0454446
-5.86988 ,3.40449e+10 ,0.0455804
-5.86988 ,3.40449e+10 ,0.0457135
-5.86988 ,3.40449e+10 ,0.0458475
-5.86988 ,3.40449e+10 ,0.0459822
-5.86988 ,3.40449e+10 ,0.0461185
-5.86988 ,3.40449e+10 ,0.0462576
-5.86988 ,3.40449e+10 ,0.0463951
-5.86988 ,3.40449e+10 ,0.0465291
-5.86988 ,3.40449e+10 ,0.0466635
-5.86988 ,3.40449e+10 ,0.046797
-5.86988 ,3.40449e+10 ,0.0469318
-5.86988 ,3.40449e+10 ,0.0470657
-5.86988 ,3.40449e+10 ,0.0472003
-5.86988 ,3.40449e+10 ,0.0473338
-5.86988 ,3.40449e+10 ,0.0474677
-5.86988 ,3.40449e+10 ,0.0476054
-5.86988 ,3.40449e+10 ,0.0477417
-5.86988 ,3.40449e+10 ,0.0478784
-5.86988 ,3.40449e+10 ,0.0480131
-5.86988 ,3.40449e+10 ,0.0481566
-5.86988 ,3.40449e+10 ,0.0483006
-5.86988 ,3.40449e+10 ,0.0484401
-5.86988 ,3.40449e+10 ,0.048579
-5.86988 ,3.40449e+10 ,0.0487167
-5.86988 ,3.40449e+10 ,0.0488579
-5.86988 ,3.40449e+10 ,0.0490034
-5.86988 ,3.40449e+10 ,0.0491393
-5.86988 ,3.40449e+10 ,0.049273
-5.86988 ,3.40449e+10 ,0.0494086
-5.86988 ,3.40449e+10 ,0.0495452
-5.86988 ,3.40449e+10 ,0.0496849
-5.89006 ,2.97893e+10 ,0.0498301
-5.89006 ,2.97893e+10 ,0.0499668
-5.89006 ,2.97893e+10 ,0.0501041
-5.89006 ,2.97893e+10 ,0.050245
-5.89006 ,2.97893e+10 ,0.0503893
-5.89006 ,2.97893e+10 ,0.0505279
-5.89006 ,2.97893e+10 ,0.0506703
-5.89006 ,2.97893e+10 ,0.0508101
-5.89006 ,2.97893e+10 ,0.0509602
-5.89006 ,2.97893e+10 ,0.0511077
-5.89006 ,2.97893e+10 ,0.05125
-5.89006 ,2.97893e+10 ,0.051392
-5.89006 ,2.97893e+10 ,0.0515356
-5.89006 ,2.97893e+10 ,0.0516744
-5.96474 ,2.64794e+10 ,0.0518125
-5.97223 ,2.38315e+10 ,0.0519497
-5.97223 ,2.38315e+10 ,0.052087
-5.97223 ,2.38315e+10 ,0.0522266
-5.97223 ,2.38315e+10 ,0.0523905
-5.97223 ,2.38315e+10 ,0.0525295
-5.97223 ,2.38315e+10 ,0.052667
-5.97223 ,2.38315e+10 ,0.0528109
-5.97223 ,2.38315e+10 ,0.052951
-5.97223 ,2.38315e+10 ,0.0530888
-5.97223 ,2.38315e+10 ,0.0532272
-5.97223 ,2.38315e+10 ,0.0533625
-5.97223 ,2.38315e+10 ,0.0534964
-5.97223 ,2.38315e+10 ,0.0536325
-5.97223 ,2.38315e+10 ,0.0537678
-5.97223 ,2.38315e+10 ,0.0539024
-5.97223 ,2.38315e+10 ,0.0540368
-5.97223 ,2.38315e+10 ,0.0541713
-5.97223 ,2.38315e+10 ,0.0543052
-5.97223 ,2.38315e+10 ,0.054442
-5.97223 ,2.38315e+10 ,0.0545819
-5.97223 ,2.38315e+10 ,0.0547243
-5.97223 ,2.38315e+10 ,0.0548613
-5.97223 ,2.38315e+10 ,0.0549975
-5.97223 ,2.38315e+10 ,0.0551372
-5.97223 ,2.38315e+10 ,0.0552736
-5.97223 ,2.38315e+10 ,0.0554101
-5.97223 ,2.38315e+10 ,0.0555457
-5.97223 ,2.38315e+10 ,0.0556825
-5.97223 ,2.38315e+10 ,0.0558192
-5.97223 ,2.38315e+10 ,0.0559559
-5.97223 ,2.38315e+10 ,0.0560901
-5.97223 ,2.38315e+10 ,0.0562261
-5.97223 ,2.38315e+10 ,0.0563628
-5.97223 ,2.38315e+10 ,0.0564988
-5.97223 ,2.38315e+10 ,0.056633
-5.97223 ,2.38315e+10 ,0.0567709
-5.97223 ,2.38315e+10 ,0.0569082
-5.97223 ,2.38315e+10 ,0.057043
-5.97223 ,2.38315e+10 ,0.0571781
-5.97223 ,2.38315e+10 ,0.0573139
-5.97223 ,2.38315e+10 ,0.0574483
-5.97223 ,2.38315e+10 ,0.0575824
-5.97223 ,2.38315e+10 ,0.0577176
-5.97223 ,2.38315e+10 ,0.0578535
-5.97223 ,2.38315e+10 ,0.0579883
-5.97223 ,2.38315e+10 ,0.0581217
-5.97223 ,2.38315e+10 ,0.0582567
-5.97223 ,2.38315e+10 ,0.0583918
-5.97223 ,2.38315e+10 ,0.0585256
-5.97223 ,2.38315e+10 ,0.0586599
-5.97223 ,2.38315e+10 ,0.0587939
-5.97223 ,2.38315e+10 ,0.0589303
-5.97223 ,2.38315e+10 ,0.0590647
-5.97223 ,2.38315e+10 ,0.0592
-5.97223 ,2.38315e+10 ,0.0593356
-5.97223 ,2.38315e+10 ,0.0594695
-5.97223 ,2.38315e+10 ,0.0596046
-5.97223 ,2.38315e+10 ,0.0597396
-5.97223 ,2.38315e+10 ,0.0598751
-5.97223 ,2.38315e+10 ,0.0600095
-5.97223 ,2.38315e+10 ,0.0601452
-5.97223 ,2.38315e+10 ,0.0602822
-5.97223 ,2.38315e+10 ,0.0604166
-5.97223 ,2.38315e+10 ,0.0605526
-5.97223 ,2.38315e+10 ,0.0606876
-5.97223 ,2.38315e+10 ,0.0608272
-5.97223 ,2.38315e+10 ,0.0609625
-5.97223 ,2.38315e+10 ,0.0610963
-5.97223 ,2.38315e+10 ,0.0612357
-6.03447 ,2.1665e+10 ,0.0613704
-6.03447 ,2.1665e+10 ,0.0615059
-6.03447 ,2.1665e+10 ,0.0616401
-6.03447 ,2.1665e+10 ,0.0617748
-6.03447 ,2.1665e+10 ,0.0619103
-6.03447 ,2.1665e+10 ,0.0620448
-6.03447 ,2.1665e+10 ,0.0621802
-6.03447 ,2.1665e+10 ,0.0623157
-6.03447 ,2.1665e+10 ,0.0624505
-6.03447 ,2.1665e+10 ,0.0625875
-6.03447 ,2.1665e+10 ,0.0627225
-6.03447 ,2.1665e+10 ,0.0628589
-6.03447 ,2.1665e+10 ,0.0629988
-6.03447 ,2.1665e+10 ,0.0631325
-6.03447 ,2.1665e+10 ,0.063266
-6.03447 ,2.1665e+10 ,0.0634058
-6.03447 ,2.1665e+10 ,0.063542
-6.03447 ,2.1665e+10 ,0.0636766
-6.03447 ,2.1665e+10 ,0.0638126
-6.03447 ,2.1665e+10 ,0.0639499
-6.03447 ,2.1665e+10 ,0.0640877
-6.03447 ,2.1665e+10 ,0.0642231
-6.03447 ,2.1665e+10 ,0.0643578
-6.03447 ,2.1665e+10 ,0.0644969
-6.03447 ,2.1665e+10 ,0.0646425
-6.03447 ,2.1665e+10 ,0.0647908
-6.03447 ,2.1665e+10 ,0.0649305
-6.03447 ,2.1665e+10 ,0.0650652
-6.03447 ,2.1665e+10 ,0.0652005
-6.03447 ,2.1665e+10 ,0.0653353
-6.03447 ,2.1665e+10 ,0.0654706
-6.03447 ,2.1665e+10 ,0.0656046
-6.03447 ,2.1665e+10 ,0.0657406
-6.03447 ,2.1665e+10 ,0.0658758
-6.03447 ,2.1665e+10 ,0.0660106
-6.03447 ,2.1665e+10 ,0.0661453
-6.03447 ,2.1665e+10 ,0.0662793
-6.03447 ,2.1665e+10 ,0.0664279
-6.03447 ,2.1665e+10 ,0.0665629
-6.03447 ,2.1665e+10 ,0.0666988
-6.03447 ,2.1665e+10 ,0.0668343
-6.03447 ,2.1665e+10 ,0.0669696
-6.03447 ,2.1665e+10 ,0.067104
-6.03447 ,2.1665e+10 ,0.0672424
-6.03447 ,2.1665e+10 ,0.0673772
-6.03447 ,2.1665e+10 ,0.0675128
-6.03447 ,2.1665e+10 ,0.0676468
-6.03447 ,2.1665e+10 ,0.0677839
-6.03447 ,2.1665e+10 ,0.0679184
-6.03447 ,2.1665e+10 ,0.0680513
-6.03447 ,2.1665e+10 ,0.0681843
-6.10828 ,1.98596e+10 ,0.0683188
-6.10828 ,1.98596e+10 ,0.0684513
-6.10828 ,1.98596e+10 ,0.068588
-6.10828 ,1.98596e+10 ,0.0687225
-6.10828 ,1.98596e+10 ,0.0688587
-6.10828 ,1.98596e+10 ,0.0689959
-6.10828 ,1.98596e+10 ,0.0691295
-6.10828 ,1.98596e+10 ,0.0692645
-6.10828 ,1.98596e+10 ,0.0694009
-6.10828 ,1.98596e+10 ,0.0695355
-6.10828 ,1.98596e+10 ,0.0696698
-6.10828 ,1.98596e+10 ,0.0698053
-6.10828 ,1.98596e+10 ,0.069939
-6.10828 ,1.98596e+10 ,0.0700735
-6.10828 ,1.98596e+10 ,0.070209
-6.10828 ,1.98596e+10 ,0.0703442
-6.10828 ,1.98596e+10 ,0.0704793
-6.10828 ,1.98596e+10 ,0.0706144
-6.10828 ,1.98596e+10 ,0.0707484
-6.10828 ,1.98596e+10 ,0.0708831
-6.10828 ,1.98596e+10 ,0.0710179
-6.10828 ,1.98596e+10 ,0.0711532
-6.10828 ,1.98596e+10 ,0.0712876
-6.10828 ,1.98596e+10 ,0.071422
-6.10828 ,1.98596e+10 ,0.0715566
-6.10828 ,1.98596e+10 ,0.0716916
-6.10828 ,1.98596e+10 ,0.0718248
-6.10828 ,1.98596e+10 ,0.0719591
-6.10828 ,1.98596e+10 ,0.0720931
-6.10828 ,1.98596e+10 ,0.0722268
-6.10828 ,1.98596e+10 ,0.0723597
-6.10828 ,1.98596e+10 ,0.0724939
-6.10828 ,1.98596e+10 ,0.0726294
-6.10828 ,1.98596e+10 ,0.0727673
-6.10828 ,1.98596e+10 ,0.0729042
-6.10828 ,1.98596e+10 ,0.0730406
-6.10828 ,1.98596e+10 ,0.0731763
-6.10828 ,1.98596e+10 ,0.073317
-6.10828 ,1.98596e+10 ,0.0734519
-6.10828 ,1.98596e+10 ,0.0735855
-6.10828 ,1.98596e+10 ,0.0737194
-6.10828 ,1.98596e+10 ,0.0738545
-6.10828 ,1.98596e+10 ,0.0739886
-6.10828 ,1.98596e+10 ,0.0741239
-7.27642 ,1.83319e+10 ,0.0742581
-7.27642 ,1.83319e+10 ,0.0743918
-7.27642 ,1.83319e+10 ,0.0745257
-7.27642 ,1.83319e+10 ,0.0746598
-7.27642 ,1.83319e+10 ,0.0747953
-7.27642 ,1.83319e+10 ,0.0749292
-7.27642 ,1.83319e+10 ,0.0750639
-7.27642 ,1.83319e+10 ,0.0751976
-7.27642 ,1.83319e+10 ,0.075334
-7.27642 ,1.83319e+10 ,0.0754687
-7.27642 ,1.83319e+10 ,0.0756041
-7.27642 ,1.83319e+10 ,0.0757382
-7.27642 ,1.83319e+10 ,0.0758732
-7.27642 ,1.83319e+10 ,0.0760082
-7.27642 ,1.83319e+10 ,0.0761424
-7.27642 ,1.83319e+10 ,0.0762753
-7.27642 ,1.83319e+10 ,0.0764094
-7.27642 ,1.83319e+10 ,0.0765448
-7.27642 ,1.83319e+10 ,0.0766776
-7.27642 ,1.83319e+10 ,0.0768159
-7.27642 ,1.83319e+10 ,0.0769519
-7.27642 ,1.83319e+10 ,0.0770863
-7.27642 ,1.83319e+10 ,0.0772211
-7.27642 ,1.83319e+10 ,0.0773548
-7.27642 ,1.83319e+10 ,0.0774907
-7.27642 ,1.83319e+10 ,0.0776253
-7.27642 ,1.83319e+10 ,0.0777607
-7.27642 ,1.83319e+10 ,0.0778966
-7.27642 ,1.83319e+10 ,0.0780307
-7.27642 ,1.83319e+10 ,0.0781643
-7.53769 ,1.70225e+10 ,0.0782981
-7.53769 ,1.70225e+10 ,0.0784322
-7.53769 ,1.70225e+10 ,0.0785665
-7.53769 ,1.70225e+10 ,0.0787006
-7.53769 ,1.70225e+10 ,0.0788346
-7.53769 ,1.70225e+10 ,0.0789699
-7.53769 ,1.70225e+10 ,0.0791056
-7.53769 ,1.70225e+10 ,0.0792407
-7.53769 ,1.70225e+10 ,0.0793797
-7.53769 ,1.70225e+10 ,0.0795141
-7.53769 ,1.70225e+10 ,0.0796479
-7.53769 ,1.70225e+10 ,0.079782
-7.53769 ,1.70225e+10 ,0.0799173
-7.53769 ,1.70225e+10 ,0.0800492
-7.53769 ,1.70225e+10 ,0.0801841
-7.53769 ,1.70225e+10 ,0.0803192
-7.53769 ,1.70225e+10 ,0.0804551
-7.53769 ,1.70225e+10 ,0.0805883
-7.53769 ,1.70225e+10 ,0.0807234
-7.53769 ,1.70225e+10 ,0.0808614
-7.53769 ,1.70225e+10 ,0.080998
-7.53769 ,1.70225e+10 ,0.0811325
-7.53769 ,1.70225e+10 ,0.0812682
-7.53769 ,1.70225e+10 ,0.0814021
-7.53769 ,1.70225e+10 ,0.0815364
-7.53769 ,1.70225e+10 ,0.0816703
-7.53769 ,1.70225e+10 ,0.0818052
-7.53769 ,1.70225e+10 ,0.0819398
-7.53769 ,1.70225e+10 ,0.0820718
-7.53769 ,1.70225e+10 ,0.0822066
-7.53769 ,1.70225e+10 ,0.0823413
-7.53769 ,1.70225e+10 ,0.0824763
-7.53769 ,1.70225e+10 ,0.0826096
-7.53769 ,1.70225e+10 ,0.0827427
-7.53769 ,1.70225e+10 ,0.0828766
-7.53769 ,1.70225e+10 ,0.083011
-7.53769 ,1.70225e+10 ,0.0831454
-7.53769 ,1.70225e+10 ,0.0832806
-7.53769 ,1.70225e+10 ,0.0834151
-7.53769 ,1.70225e+10 ,0.08355
-7.53769 ,1.70225e+10 ,0.083685
-7.53769 ,1.70225e+10 ,0.0838183
-7.53769 ,1.70225e+10 ,0.0839513
-7.53769 ,1.70225e+10 ,0.0840866
-7.53769 ,1.70225e+10 ,0.0842221
-7.53769 ,1.70225e+10 ,0.0843561
-7.53769 ,1.70225e+10 ,0.0844893
-7.53769 ,1.70225e+10 ,0.0846245
-7.53769 ,1.70225e+10 ,0.0847616
-7.53769 ,1.70225e+10 ,0.0848961
-7.53769 ,1.70225e+10 ,0.0850317
-7.53769 ,1.70225e+10 ,0.0851662
-7.53769 ,1.70225e+10 ,0.0853044
-7.53769 ,1.70225e+10 ,0.0854367
-7.53769 ,1.70225e+10 ,0.0855711
-7.53769 ,1.70225e+10 ,0.0857063
-7.53769 ,1.70225e+10 ,0.0858407
-7.53769 ,1.70225e+10 ,0.0859742
-7.53769 ,1.70225e+10 ,0.0861092
-7.53769 ,1.70225e+10 ,0.0862416
-7.53769 ,1.70225e+10 ,0.0863768
-7.53769 ,1.70225e+10 ,0.0865116
-7.53769 ,1.70225e+10 ,0.0866455
-7.53769 ,1.70225e+10 ,0.0867804
-7.53769 ,1.70225e+10 ,0.0869158
-7.53769 ,1.70225e+10 ,0.0870527
-7.53769 ,1.70225e+10 ,0.0871886
-7.53769 ,1.70225e+10 ,0.0873396
-7.53769 ,1.70225e+10 ,0.0874736
-7.53769 ,1.70225e+10 ,0.0876082
-7.53769 ,1.70225e+10 ,0.0877421
-7.53769 ,1.70225e+10 ,0.0878775
-7.53769 ,1.70225e+10 ,0.0880114
-7.53769 ,1.70225e+10 ,0.0881456
-7.53769 ,1.70225e+10 ,0.0882812
-7.93601 ,1.58876e+10 ,0.0884158
-7.93601 ,1.58876e+10 ,0.0885496
-7.93601 ,1.58876e+10 ,0.0886845
-7.93601 ,1.58876e+10 ,0.0888228
-7.93601 ,1.58876e+10 ,0.0889598
-7.93601 ,1.58876e+10 ,0.0890931
-7.93601 ,1.58876e+10 ,0.089227
-7.93601 ,1.58876e+10 ,0.0893608
-7.93601 ,1.58876e+10 ,0.0894945
-7.93601 ,1.58876e+10 ,0.0896285
-7.93601 ,1.58876e+10 ,0.0897621
-7.93601 ,1.58876e+10 ,0.0898944
-7.93601 ,1.58876e+10 ,0.0900285
-7.93601 ,1.58876e+10 ,0.0901633
-7.93601 ,1.58876e+10 ,0.0902988
-7.93601 ,1.58876e+10 ,0.0904333
-7.93601 ,1.58876e+10 ,0.0905667
-7.93601 ,1.58876e+10 ,0.0907012
-7.93601 ,1.58876e+10 ,0.0908375
-7.93601 ,1.58876e+10 ,0.0909748
-7.93601 ,1.58876e+10 ,0.0911093
-7.93601 ,1.58876e+10 ,0.091244
-7.93601 ,1.58876e+10 ,0.0913816
-7.93601 ,1.58876e+10 ,0.0915174
-7.93601 ,1.58876e+10 ,0.0916537
-7.93601 ,1.58876e+10 ,0.091788
-7.93601 ,1.58876e+10 ,0.0919243
-7.93601 ,1.58876e+10 ,0.0920626
-7.93601 ,1.58876e+10 ,0.0921978
-7.93601 ,1.58876e+10 ,0.0923318
-7.93601 ,1.58876e+10 ,0.092465
-7.93601 ,1.58876e+10 ,0.0925992
-7.93601 ,1.58876e+10 ,0.0927362
-7.93601 ,1.58876e+10 ,0.0928726
-7.93601 ,1.58876e+10 ,0.0930072
-7.93601 ,1.58876e+10 ,0.0931421
-7.93601 ,1.58876e+10 ,0.0932764
-7.93601 ,1.58876e+10 ,0.0934127
-7.93601 ,1.58876e+10 ,0.0935471
-8.3661 ,1.48947e+10 ,0.0936804
-8.3661 ,1.48947e+10 ,0.0938149
-8.3661 ,1.48947e+10 ,0.0939497
-8.3661 ,1.48947e+10 ,0.0940846
-8.3661 ,1.48947e+10 ,0.0942178
-8.3661 ,1.48947e+10 ,0.0943537
-8.3661 ,1.48947e+10 ,0.0944892
-8.3661 ,1.48947e+10 ,0.0946284
-8.3661 ,1.48947e+10 ,0.0947643
-8.3661 ,1.48947e+10 ,0.094898
-8.3661 ,1.48947e+10 ,0.0950312
-8.3661 ,1.48947e+10 ,0.0951662
-8.3661 ,1.48947e+10 ,0.0953001
-8.3661 ,1.48947e+10 ,0.0954345
-8.3661 ,1.48947e+10 ,0.0955684
-8.3661 ,1.48947e+10 ,0.0957033
-8.3661 ,1.48947e+10 ,0.0958366
-8.3661 ,1.48947e+10 ,0.0959721
-8.3661 ,1.48947e+10 ,0.0961063
-8.3661 ,1.48947e+10 ,0.0962413
-8.3661 ,1.48947e+10 ,0.0963759
-8.3661 ,1.48947e+10 ,0.0965103
-8.3661 ,1.48947e+10 ,0.0966439
-8.3661 ,1.48947e+10 ,0.0967802
-8.3661 ,1.48947e+10 ,0.0969165
-8.3661 ,1.48947e+10 ,0.0970509
-8.3661 ,1.48947e+10 ,0.0971882
-8.3661 ,1.48947e+10 ,0.0973297
-8.3661 ,1.48947e+10 ,0.0974634
-8.3661 ,1.48947e+10 ,0.0975979
-8.3661 ,1.48947e+10 ,0.0977329
-8.3661 ,1.48947e+10 ,0.0978679
-8.3661 ,1.48947e+10 ,0.0980039
-8.3661 ,1.48947e+10 ,0.0981385
-8.3661 ,1.48947e+10 ,0.0982725
-8.3661 ,1.48947e+10 ,0.0984054
-8.3661 ,1.48947e+10 ,0.0985396
-8.3661 ,1.48947e+10 ,0.098673
-8.3661 ,1.48947e+10 ,0.0988078
-8.3661 ,1.48947e+10 ,0.0989428
-8.3661 ,1.48947e+10 ,0.0990767
-8.3661 ,1.48947e+10 ,0.0992129
-8.3661 ,1.48947e+10 ,0.0993469
-8.3661 ,1.48947e+10 ,0.0994824
-8.3661 ,1.48947e+10 ,0.0996157
-8.3661 ,1.48947e+10 ,0.0997506
-8.3661 ,1.48947e+10 ,0.0998851
-8.3661 ,1.48947e+10 ,0.10002
-8.3661 ,1.48947e+10 ,0.100155
-8.3661 ,1.48947e+10 ,0.100289
-8.3661 ,1.48947e+10 ,0.100422
-8.3661 ,1.48947e+10 ,0.100557
-8.3661 ,1.48947e+10 ,0.100692
-8.3661 ,1.48947e+10 ,0.10083
-8.3661 ,1.48947e+10 ,0.100963
-8.3661 ,1.48947e+10 ,0.101098
-8.3661 ,1.48947e+10 ,0.101233
-8.3661 ,1.48947e+10 ,0.101368
-8.3661 ,1.48947e+10 ,0.101503
-8.3661 ,1.48947e+10 ,0.101638
-8.3661 ,1.48947e+10 ,0.10177
-8.3661 ,1.48947e+10 ,0.101903
-8.3661 ,1.48947e+10 ,0.102039
-8.3661 ,1.48947e+10 ,0.102174
-8.3661 ,1.48947e+10 ,0.10231
-8.3661 ,1.48947e+10 ,0.102445
-8.3661 ,1.48947e+10 ,0.102579
-8.3661 ,1.48947e+10 ,0.102714
-8.3661 ,1.48947e+10 ,0.10285
-8.3661 ,1.48947e+10 ,0.102985
-8.3661 ,1.48947e+10 ,0.103118
-8.3661 ,1.48947e+10 ,0.103252
-8.3661 ,1.48947e+10 ,0.103392
-8.3661 ,1.48947e+10 ,0.103526
-8.3661 ,1.48947e+10 ,0.10366
-8.3661 ,1.48947e+10 ,0.103794
-8.3661 ,1.48947e+10 ,0.103929
-8.3661 ,1.48947e+10 ,0.104063
-8.3661 ,1.48947e+10 ,0.104196
-8.3661 ,1.48947e+10 ,0.104331
-8.3661 ,1.48947e+10 ,0.104464
-8.3661 ,1.48947e+10 ,0.104599
-8.3661 ,1.48947e+10 ,0.104736
-8.3661 ,1.48947e+10 ,0.104873
-8.3661 ,1.48947e+10 ,0.105006
-8.3661 ,1.48947e+10 ,0.105141
-8.3661 ,1.48947e+10 ,0.105275
-8.3661 ,1.48947e+10 ,0.105409
-8.3661 ,1.48947e+10 ,0.105544
-8.3661 ,1.48947e+10 ,0.105678
-8.3661 ,1.48947e+10 ,0.105813
-8.3661 ,1.48947e+10 ,0.105947
-8.3661 ,1.48947e+10 ,0.106082
-8.3661 ,1.48947e+10 ,0.106218
-8.3661 ,1.48947e+10 ,0.106352
-8.3661 ,1.48947e+10 ,0.106486
-8.3661 ,1.48947e+10 ,0.10662
-8.3661 ,1.48947e+10 ,0.106755
-8.3661 ,1.48947e+10 ,0.10689
-8.3661 ,1.48947e+10 ,0.107024
-8.3661 ,1.48947e+10 ,0.107157
-8.3661 ,1.48947e+10 ,0.107291
-8.3661 ,1.48947e+10 ,0.107424
-8.3661 ,1.48947e+10 ,0.107559
-8.3661 ,1.48947e+10 ,0.107691
-8.3661 ,1.48947e+10 ,0.107826
-8.3661 ,1.48947e+10 ,0.107962
-8.3661 ,1.48947e+10 ,0.108097
-8.3661 ,1.48947e+10 ,0.108232
-8.3661 ,1.48947e+10 ,0.108367
-8.3661 ,1.48947e+10 ,0.1085
-8.3661 ,1.48947e+10 ,0.108634
-8.3661 ,1.48947e+10 ,0.10877
-8.3661 ,1.48947e+10 ,0.108906
-8.3661 ,1.48947e+10 ,0.109041
-8.3661 ,1.48947e+10 ,0.109175
-8.3661 ,1.48947e+10 ,0.109313
-8.3661 ,1.48947e+10 ,0.109446
-8.3661 ,1.48947e+10 ,0.109579
-8.3661 ,1.48947e+10 ,0.109713
-8.3661 ,1.48947e+10 ,0.109846
-8.3661 ,1.48947e+10 ,0.109983
-8.3661 ,1.48947e+10 ,0.110118
-8.3661 ,1.48947e+10 ,0.110254
-8.3661 ,1.48947e+10 ,0.110388
-8.3661 ,1.48947e+10 ,0.110522
-8.3661 ,1.48947e+10 ,0.110656
-8.3661 ,1.48947e+10 ,0.11079
-8.3661 ,1.48947e+10 ,0.110924
-8.3661 ,1.48947e+10 ,0.111059
-8.3661 ,1.48947e+10 ,0.111195
-8.3661 ,1.48947e+10 ,0.111331
-8.3661 ,1.48947e+10 ,0.111464
-8.3661 ,1.48947e+10 ,0.111599
-8.3661 ,1.48947e+10 ,0.111735
-8.3661 ,1.48947e+10 ,0.11187
-8.3661 ,1.48947e+10 ,0.112006
-8.3661 ,1.48947e+10 ,0.112141
-8.3661 ,1.48947e+10 ,0.112275
-8.3661 ,1.48947e+10 ,0.112412
-8.3661 ,1.48947e+10 ,0.112546
-8.3661 ,1.48947e+10 ,0.112682
-8.3661 ,1.48947e+10 ,0.112819
-8.3661 ,1.48947e+10 ,0.112956
-8.3661 ,1.48947e+10 ,0.11309
-8.3661 ,1.48947e+10 ,0.113225
-8.3661 ,1.48947e+10 ,0.113358
-8.3661 ,1.48947e+10 ,0.113491
-8.3661 ,1.48947e+10 ,0.113626
-8.3661 ,1.48947e+10 ,0.11376
-8.3661 ,1.48947e+10 ,0.113895
-8.3661 ,1.48947e+10 ,0.114029
-8.3661 ,1.48947e+10 ,0.114165
-8.3661 ,1.48947e+10 ,0.114299
-8.3661 ,1.48947e+10 ,0.114433
-8.3661 ,1.48947e+10 ,0.114568
-8.3661 ,1.48947e+10 ,0.114704
-8.3661 ,1.48947e+10 ,0.114838
-8.3661 ,1.48947e+10 ,0.114971
-8.3661 ,1.48947e+10 ,0.115107
-8.3661 ,1.48947e+10 ,0.115242
-8.3661 ,1.48947e+10 ,0.115379
-8.3661 ,1.48947e+10 ,0.115512
-8.3661 ,1.48947e+10 ,0.115646
-8.3661 ,1.48947e+10 ,0.11578
-8.3661 ,1.48947e+10 ,0.115914
-8.3661 ,1.48947e+10 ,0.116048
-8.3661 ,1.48947e+10 ,0.116184
-8.3661 ,1.48947e+10 ,0.116316
-8.3661 ,1.48947e+10 ,0.116451
-8.3661 ,1.48947e+10 ,0.116585
-8.3661 ,1.48947e+10 ,0.116719
-8.75219 ,1.40185e+10 ,0.116855
-8.75219 ,1.40185e+10 ,0.11699
-8.75219 ,1.40185e+10 ,0.117124
-8.75219 ,1.40185e+10 ,0.117259
-8.75219 ,1.40185e+10 ,0.117394
-8.75219 ,1.40185e+10 ,0.117528
-8.75219 ,1.40185e+10 ,0.117664
-8.75219 ,1.40185e+10 ,0.117798
-8.75219 ,1.40185e+10 ,0.117933
-8.75219 ,1.40185e+10 ,0.118069
-8.75219 ,1.40185e+10 ,0.118204
-8.75219 ,1.40185e+10 ,0.118339
-8.75219 ,1.40185e+10 ,0.118471
-8.75219 ,1.40185e+10 ,0.118607
-8.75219 ,1.40185e+10 ,0.118741
-8.75219 ,1.40185e+10 ,0.118877
-8.75219 ,1.40185e+10 ,0.119012
-8.75219 ,1.40185e+10 ,0.119146
-8.75219 ,1.40185e+10 ,0.11928
-8.75219 ,1.40185e+10 ,0.119415
-8.75219 ,1.40185e+10 ,0.119549
-8.75219 ,1.40185e+10 ,0.119683
-8.75219 ,1.40185e+10 ,0.119819
-8.75219 ,1.40185e+10 ,0.119954
-8.75219 ,1.40185e+10 ,0.120089
-8.75219 ,1.40185e+10 ,0.120222
-8.75219 ,1.40185e+10 ,0.120356
-8.75219 ,1.40185e+10 ,0.12049
-8.75219 ,1.40185e+10 ,0.120625
-8.75219 ,1.40185e+10 ,0.120762
-8.75219 ,1.40185e+10 ,0.120898
-8.75219 ,1.40185e+10 ,0.121031
-8.75219 ,1.40185e+10 ,0.121166
-8.75219 ,1.40185e+10 ,0.1213
-8.75219 ,1.40185e+10 ,0.121439
-8.75219 ,1.40185e+10 ,0.121573
-8.75219 ,1.40185e+10 ,0.121707
-8.75219 ,1.40185e+10 ,0.121841
-8.75219 ,1.40185e+10 ,0.121975
-8.75219 ,1.40185e+10 ,0.12211
-8.75219 ,1.40185e+10 ,0.122245
-8.75219 ,1.40185e+10 ,0.122379
-8.75219 ,1.40185e+10 ,0.122514
-8.75219 ,1.40185e+10 ,0.12265
-8.75219 ,1.40185e+10 ,0.122784
-8.75219 ,1.40185e+10 ,0.122919
-8.75219 ,1.40185e+10 ,0.123053
-8.75219 ,1.40185e+10 ,0.123188
-8.75219 ,1.40185e+10 ,0.123319
-8.75219 ,1.40185e+10 ,0.123454
-8.75219 ,1.40185e+10 ,0.123588
-8.75219 ,1.40185e+10 ,0.123723
-8.75219 ,1.40185e+10 ,0.123857
-8.75219 ,1.40185e+10 ,0.123991
-8.75219 ,1.40185e+10 ,0.124126
-8.75219 ,1.40185e+10 ,0.124259
-8.75219 ,1.40185e+10 ,0.124391
-8.75219 ,1.40185e+10 ,0.124525
-8.75219 ,1.40185e+10 ,0.124658
-8.75219 ,1.40185e+10 ,0.124795
-8.75219 ,1.40185e+10 ,0.124933
-8.75219 ,1.40185e+10 ,0.125067
-8.75219 ,1.40185e+10 ,0.125201
-8.75219 ,1.40185e+10 ,0.125337
-8.75219 ,1.40185e+10 ,0.125472
-8.75219 ,1.40185e+10 ,0.125606
-8.75219 ,1.40185e+10 ,0.125741
-8.75219 ,1.40185e+10 ,0.125876
-8.75219 ,1.40185e+10 ,0.126008
-8.75219 ,1.40185e+10 ,0.126142
-8.75219 ,1.40185e+10 ,0.126274
-8.75219 ,1.40185e+10 ,0.126408
-8.75219 ,1.40185e+10 ,0.126543
-8.75219 ,1.40185e+10 ,0.126677
-8.75219 ,1.40185e+10 ,0.126809
-8.75219 ,1.40185e+10 ,0.126944
-8.75219 ,1.40185e+10 ,0.12708
-8.75219 ,1.40185e+10 ,0.127215
-8.75219 ,1.40185e+10 ,0.127353
-8.75219 ,1.40185e+10 ,0.127486
-8.75219 ,1.40185e+10 ,0.12762
-8.75219 ,1.40185e+10 ,0.127756
-8.75219 ,1.40185e+10 ,0.127889
-8.75219 ,1.40185e+10 ,0.128024
-8.75219 ,1.40185e+10 ,0.128159
-8.75219 ,1.40185e+10 ,0.128291
-8.75219 ,1.40185e+10 ,0.128424
-8.75219 ,1.40185e+10 ,0.128559
-8.75219 ,1.40185e+10 ,0.128693
-8.75219 ,1.40185e+10 ,0.12883
-8.75219 ,1.40185e+10 ,0.128966
-8.75219 ,1.40185e+10 ,0.1291
-8.75219 ,1.40185e+10 ,0.129236
-8.75219 ,1.40185e+10 ,0.129372
-8.75219 ,1.40185e+10 ,0.129506
-8.75219 ,1.40185e+10 ,0.129639
-8.75219 ,1.40185e+10 ,0.129774
-8.75219 ,1.40185e+10 ,0.129907
-8.75219 ,1.40185e+10 ,0.130041
-8.75219 ,1.40185e+10 ,0.130175
-8.75219 ,1.40185e+10 ,0.130308
-8.75219 ,1.40185e+10 ,0.13044
-8.75219 ,1.40185e+10 ,0.130574
-8.75219 ,1.40185e+10 ,0.130709
-8.75219 ,1.40185e+10 ,0.130842
-8.75219 ,1.40185e+10 ,0.130977
-8.75219 ,1.40185e+10 ,0.131112
-8.75219 ,1.40185e+10 ,0.131246
-8.75219 ,1.40185e+10 ,0.131381
-8.75219 ,1.40185e+10 ,0.131517
-8.75219 ,1.40185e+10 ,0.131649
-8.75219 ,1.40185e+10 ,0.131784
-8.75521 ,1.32397e+10 ,0.13192
-8.75521 ,1.32397e+10 ,0.132055
-8.75521 ,1.32397e+10 ,0.132189
-8.75521 ,1.32397e+10 ,0.132322
-8.75521 ,1.32397e+10 ,0.132459
-8.75521 ,1.32397e+10 ,0.132593
-8.75521 ,1.32397e+10 ,0.132729
-8.75521 ,1.32397e+10 ,0.132866
-8.75521 ,1.32397e+10 ,0.133003
-8.75521 ,1.32397e+10 ,0.133135
-8.75521 ,1.32397e+10 ,0.133269
-8.75521 ,1.32397e+10 ,0.133407
-8.75521 ,1.32397e+10 ,0.13354
-8.75521 ,1.32397e+10 ,0.133673
-8.75521 ,1.32397e+10 ,0.133807
-8.75521 ,1.32397e+10 ,0.13394
-8.75521 ,1.32397e+10 ,0.134073
-8.75521 ,1.32397e+10 ,0.134208
-8.75521 ,1.32397e+10 ,0.134342
-8.75521 ,1.32397e+10 ,0.134476
-8.75521 ,1.32397e+10 ,0.134609
-8.75521 ,1.32397e+10 ,0.134744
-8.75521 ,1.32397e+10 ,0.134878
-8.75521 ,1.32397e+10 ,0.135013
-8.75521 ,1.32397e+10 ,0.135145
-8.75521 ,1.32397e+10 ,0.135279
-8.75521 ,1.32397e+10 ,0.135414
-8.75521 ,1.32397e+10 ,0.13555
-8.75521 ,1.32397e+10 ,0.135684
-8.75521 ,1.32397e+10 ,0.135818
-8.75521 ,1.32397e+10 ,0.135951
-8.75521 ,1.32397e+10 ,0.136086
-8.75521 ,1.32397e+10 ,0.13622
-8.75521 ,1.32397e+10 ,0.136355
-8.75521 ,1.32397e+10 ,0.136491
-8.75521 ,1.32397e+10 ,0.136627
-8.75521 ,1.32397e+10 ,0.136764
-8.75521 ,1.32397e+10 ,0.136902
-8.75521 ,1.32397e+10 ,0.137037
-8.75521 ,1.32397e+10 ,0.137171
-8.75521 ,1.32397e+10 ,0.137303
-8.75521 ,1.32397e+10 ,0.137438
-8.75521 ,1.32397e+10 ,0.137569
-8.75521 ,1.32397e+10 ,0.137705
-8.75521 ,1.32397e+10 ,0.137838
-8.75521 ,1.32397e+10 ,0.137972
-8.75521 ,1.32397e+10 ,0.138106
-8.75521 ,1.32397e+10 ,0.13824
-8.75521 ,1.32397e+10 ,0.138375
-8.75521 ,1.32397e+10 ,0.13851
-8.75521 ,1.32397e+10 ,0.138644
-8.75521 ,1.32397e+10 ,0.138777
-8.75521 ,1.32397e+10 ,0.138912
-8.75521 ,1.32397e+10 ,0.139046
-8.75521 ,1.32397e+10 ,0.139181
-8.75521 ,1.32397e+10 ,0.13932
-8.75521 ,1.32397e+10 ,0.139453
-8.75521 ,1.32397e+10 ,0.139588
-8.75521 ,1.32397e+10 ,0.139721
-8.75521 ,1.32397e+10 ,0.139856
-8.75521 ,1.32397e+10 ,0.13999
-8.75521 ,1.32397e+10 ,0.140124
-8.75521 ,1.32397e+10 ,0.140258
-8.75521 ,1.32397e+10 ,0.140393
-8.75521 ,1.32397e+10 ,0.140527
-8.75521 ,1.32397e+10 ,0.140662
-8.75521 ,1.32397e+10 ,0.140797
-8.75521 ,1.32397e+10 ,0.140933
-8.75521 ,1.32397e+10 ,0.141068
-8.75521 ,1.32397e+10 ,0.141201
-8.75521 ,1.32397e+10 ,0.141336
-8.75521 ,1.32397e+10 ,0.14147
-8.75521 ,1.32397e+10 ,0.141605
-8.75521 ,1.32397e+10 ,0.14174
-8.75521 ,1.32397e+10 ,0.141873
-8.75521 ,1.32397e+10 ,0.142008
-8.75521 ,1.32397e+10 ,0.142143
-8.75521 ,1.32397e+10 ,0.142277
-8.75521 ,1.32397e+10 ,0.142409
-8.75521 ,1.32397e+10 ,0.142544
-8.75521 ,1.32397e+10 ,0.142676
-8.75521 ,1.32397e+10 ,0.142811
-8.75521 ,1.32397e+10 ,0.142945
-8.75521 ,1.32397e+10 ,0.143078
-8.75521 ,1.32397e+10 ,0.143212
-8.75521 ,1.32397e+10 ,0.143347
-8.75521 ,1.32397e+10 ,0.14348
-8.75521 ,1.32397e+10 ,0.143614
-8.75521 ,1.32397e+10 ,0.143749
-8.75521 ,1.32397e+10 ,0.143882
-8.75521 ,1.32397e+10 ,0.144024
-8.75521 ,1.32397e+10 ,0.144158
-8.75521 ,1.32397e+10 ,0.144292
-8.75521 ,1.32397e+10 ,0.144428
-8.75521 ,1.32397e+10 ,0.144561
-8.75521 ,1.32397e+10 ,0.144694
-8.75521 ,1.32397e+10 ,0.144834
-8.75521 ,1.32397e+10 ,0.14497
-8.75521 ,1.32397e+10 ,0.145104
-8.75521 ,1.32397e+10 ,0.145238
-8.75521 ,1.32397e+10 ,0.145377
-8.75521 ,1.32397e+10 ,0.145511
-8.75521 ,1.32397e+10 ,0.145646
-8.75521 ,1.32397e+10 ,0.145779
-8.75521 ,1.32397e+10 ,0.145913
-8.75521 ,1.32397e+10 ,0.146048
-8.75521 ,1.32397e+10 ,0.146181
-8.75521 ,1.32397e+10 ,0.146316
-8.75521 ,1.32397e+10 ,0.146451
-8.75521 ,1.32397e+10 ,0.146584
-8.75521 ,1.32397e+10 ,0.146718
-8.75521 ,1.32397e+10 ,0.14685
-8.75521 ,1.32397e+10 ,0.146985
-8.75521 ,1.32397e+10 ,0.147119
-8.75521 ,1.32397e+10 ,0.147253
-8.75521 ,1.32397e+10 ,0.147388
-8.75521 ,1.32397e+10 ,0.147524
-8.75521 ,1.32397e+10 ,0.147657
-8.75521 ,1.32397e+10 ,0.147792
-8.75521 ,1.32397e+10 ,0.147928
-8.75521 ,1.32397e+10 ,0.148062
-8.75521 ,1.32397e+10 ,0.148195
-8.75521 ,1.32397e+10 ,0.148331
-8.75521 ,1.32397e+10 ,0.148467
-8.75521 ,1.32397e+10 ,0.148601
-8.75521 ,1.32397e+10 ,0.148739
-8.75521 ,1.32397e+10 ,0.148874
-8.75521 ,1.32397e+10 ,0.149008
-8.75521 ,1.32397e+10 ,0.149141
-8.75521 ,1.32397e+10 ,0.149275
-8.75521 ,1.32397e+10 ,0.14941
-8.75521 ,1.32397e+10 ,0.149545
-8.7636 ,1.25429e+10 ,0.14968
-8.7636 ,1.25429e+10 ,0.149814
-8.7636 ,1.25429e+10 ,0.149948
-8.7636 ,1.25429e+10 ,0.150083
-8.7636 ,1.25429e+10 ,0.150219
-8.7636 ,1.25429e+10 ,0.150352
-8.7636 ,1.25429e+10 ,0.150486
-8.7636 ,1.25429e+10 ,0.150619
-8.7636 ,1.25429e+10 ,0.150754
-8.7636 ,1.25429e+10 ,0.150887
-8.7636 ,1.25429e+10 ,0.151021
-8.7636 ,1.25429e+10 ,0.151156
-8.7636 ,1.25429e+10 ,0.151293
-8.7636 ,1.25429e+10 ,0.151427
-8.7636 ,1.25429e+10 ,0.151562
-8.7636 ,1.25429e+10 ,0.151696
-8.7636 ,1.25429e+10 ,0.15183
-9.7999 ,1.19157e+10 ,0.151964
-9.7999 ,1.19157e+10 ,0.1521
-9.7999 ,1.19157e+10 ,0.152235
-9.7999 ,1.19157e+10 ,0.15237
-9.7999 ,1.19157e+10 ,0.152503
-9.7999 ,1.19157e+10 ,0.152639
-9.7999 ,1.19157e+10 ,0.152773
-9.7999 ,1.19157e+10 ,0.152908
-9.7999 ,1.19157e+10 ,0.153041
-9.7999 ,1.19157e+10 ,0.153175
-9.7999 ,1.19157e+10 ,0.15331
-9.7999 ,1.19157e+10 ,0.153444
-9.7999 ,1.19157e+10 ,0.153579
-9.7999 ,1.19157e+10 ,0.153712
-9.7999 ,1.19157e+10 ,0.153844
-9.7999 ,1.19157e+10 ,0.153977
-9.7999 ,1.19157e+10 ,0.154113
-9.7999 ,1.19157e+10 ,0.154245
-9.7999 ,1.19157e+10 ,0.15438
-9.7999 ,1.19157e+10 ,0.154515
-9.7999 ,1.19157e+10 ,0.154649
-9.7999 ,1.19157e+10 ,0.154783
-9.7999 ,1.19157e+10 ,0.154916
-9.7999 ,1.19157e+10 ,0.155049
-9.7999 ,1.19157e+10 ,0.155182
-9.7999 ,1.19157e+10 ,0.155318
-9.7999 ,1.19157e+10 ,0.155452
-9.7999 ,1.19157e+10 ,0.155586
-9.7999 ,1.19157e+10 ,0.155719
-9.7999 ,1.19157e+10 ,0.155853
-9.7999 ,1.19157e+10 ,0.155987
-9.7999 ,1.19157e+10 ,0.156122
-9.7999 ,1.19157e+10 ,0.156256
-9.7999 ,1.19157e+10 ,0.156391
-9.7999 ,1.19157e+10 ,0.156524
-9.7999 ,1.19157e+10 ,0.156659
-9.7999 ,1.19157e+10 ,0.156796
-9.7999 ,1.19157e+10 ,0.156933
-9.7999 ,1.19157e+10 ,0.157068
-9.7999 ,1.19157e+10 ,0.157203
-9.7999 ,1.19157e+10 ,0.157342
-9.7999 ,1.19157e+10 ,0.157475
-9.7999 ,1.19157e+10 ,0.157609
-9.7999 ,1.19157e+10 ,0.157744
-9.7999 ,1.19157e+10 ,0.157879
-9.7999 ,1.19157e+10 ,0.158014
-9.7999 ,1.19157e+10 ,0.158147
-9.7999 ,1.19157e+10 ,0.15828
-9.7999 ,1.19157e+10 ,0.158415
-9.7999 ,1.19157e+10 ,0.158549
-9.7999 ,1.19157e+10 ,0.158683
-9.7999 ,1.19157e+10 ,0.158819
-9.7999 ,1.19157e+10 ,0.158954
-9.7999 ,1.19157e+10 ,0.159088
-9.7999 ,1.19157e+10 ,0.159222
-9.7999 ,1.19157e+10 ,0.159356
-9.7999 ,1.19157e+10 ,0.159491
-9.86126 ,1.13483e+10 ,0.159626
-9.86126 ,1.13483e+10 ,0.15976
-9.86126 ,1.13483e+10 ,0.159895
-9.86126 ,1.13483e+10 ,0.160027
-9.86126 ,1.13483e+10 ,0.160161
-9.86126 ,1.13483e+10 ,0.160296
-9.86126 ,1.13483e+10 ,0.160429
-9.86126 ,1.13483e+10 ,0.160562
-9.86126 ,1.13483e+10 ,0.160696
-9.86126 ,1.13483e+10 ,0.160833
-9.86126 ,1.13483e+10 ,0.160968
-9.86126 ,1.13483e+10 ,0.161101
-9.86126 ,1.13483e+10 ,0.161233
-9.86126 ,1.13483e+10 ,0.161367
-9.86126 ,1.13483e+10 ,0.161502
-9.86126 ,1.13483e+10 ,0.161636
-9.86126 ,1.13483e+10 ,0.16177
-9.86126 ,1.13483e+10 ,0.161905
-9.86126 ,1.13483e+10 ,0.162037
-9.86126 ,1.13483e+10 ,0.162172
-9.86126 ,1.13483e+10 ,0.162308
-9.86126 ,1.13483e+10 ,0.162441
-9.86126 ,1.13483e+10 ,0.162578
-9.86126 ,1.13483e+10 ,0.162716
-9.86126 ,1.13483e+10 ,0.162852
-9.86126 ,1.13483e+10 ,0.162987
-9.86126 ,1.13483e+10 ,0.163122
-9.86126 ,1.13483e+10 ,0.163256
-9.86126 ,1.13483e+10 ,0.163395
-9.86126 ,1.13483e+10 ,0.16353
-9.86126 ,1.13483e+10 ,0.163667
-9.86126 ,1.13483e+10 ,0.163802
-9.86126 ,1.13483e+10 ,0.163935
-9.86126 ,1.13483e+10 ,0.164071
-9.86126 ,1.13483e+10 ,0.164204
-9.86126 ,1.13483e+10 ,0.164339
-9.86126 ,1.13483e+10 ,0.164473
-9.86126 ,1.13483e+10 ,0.164606
-9.86126 ,1.13483e+10 ,0.164742
-9.86126 ,1.13483e+10 ,0.164879
-9.86126 ,1.13483e+10 ,0.165015
-9.86126 ,1.13483e+10 ,0.16515
-9.86126 ,1.13483e+10 ,0.165283
-9.86126 ,1.13483e+10 ,0.165418
-9.86126 ,1.13483e+10 ,0.165554
-9.86126 ,1.13483e+10 ,0.165688
-9.86126 ,1.13483e+10 ,0.165823
-9.86126 ,1.13483e+10 ,0.165958
-9.86126 ,1.13483e+10 ,0.166093
-9.86126 ,1.13483e+10 ,0.166227
-9.86126 ,1.13483e+10 ,0.166363
-9.86126 ,1.13483e+10 ,0.166497
-9.86126 ,1.13483e+10 ,0.166632
-9.86126 ,1.13483e+10 ,0.166766
-9.86126 ,1.13483e+10 ,0.166899
-9.86126 ,1.13483e+10 ,0.167035
-9.86126 ,1.13483e+10 ,0.167168
-9.86126 ,1.13483e+10 ,0.167305
-9.86126 ,1.13483e+10 ,0.167444
-9.86126 ,1.13483e+10 ,0.167578
-9.86126 ,1.13483e+10 ,0.167712
-9.86126 ,1.13483e+10 ,0.167848
-9.86126 ,1.13483e+10 ,0.167983
-9.86126 ,1.13483e+10 ,0.168117
-9.86126 ,1.13483e+10 ,0.168252
-9.86126 ,1.13483e+10 ,0.168388
-9.86126 ,1.13483e+10 ,0.168522
-9.86126 ,1.13483e+10 ,0.168657
-9.86126 ,1.13483e+10 ,0.168793
-9.86126 ,1.13483e+10 ,0.168929
-9.86126 ,1.13483e+10 ,0.169063
-9.86126 ,1.13483e+10 ,0.169196
-9.86126 ,1.13483e+10 ,0.169335
-9.86126 ,1.13483e+10 ,0.169471
-9.86126 ,1.13483e+10 ,0.169604
-9.86126 ,1.13483e+10 ,0.169739
-9.86126 ,1.13483e+10 ,0.169874
-9.86126 ,1.13483e+10 ,0.170009
-9.86126 ,1.13483e+10 ,0.170143
-9.86126 ,1.13483e+10 ,0.170279
-9.86126 ,1.13483e+10 ,0.170413
-9.86126 ,1.13483e+10 ,0.170545
-9.86126 ,1.13483e+10 ,0.17068
-9.86126 ,1.13483e+10 ,0.170815
-9.86126 ,1.13483e+10 ,0.170949
-9.86126 ,1.13483e+10 ,0.171083
-9.86126 ,1.13483e+10 ,0.171219
-9.86126 ,1.13483e+10 ,0.171354
-9.86126 ,1.13483e+10 ,0.171489
-9.86126 ,1.13483e+10 ,0.171625
-9.86126 ,1.13483e+10 ,0.17176
-9.86126 ,1.13483e+10 ,0.171894
-9.86126 ,1.13483e+10 ,0.172027
-9.86126 ,1.13483e+10 ,0.17216
-9.86126 ,1.13483e+10 ,0.172294
-9.86126 ,1.13483e+10 ,0.172427
-9.86126 ,1.13483e+10 ,0.172562
-9.86126 ,1.13483e+10 ,0.172697
-9.86126 ,1.13483e+10 ,0.172833
-9.86126 ,1.13483e+10 ,0.17297
-9.86126 ,1.13483e+10 ,0.173104
-9.86126 ,1.13483e+10 ,0.173238
-9.86126 ,1.13483e+10 ,0.173372
-9.86126 ,1.13483e+10 ,0.173507
-9.86126 ,1.13483e+10 ,0.173641
-9.86126 ,1.13483e+10 ,0.173775
-9.86126 ,1.13483e+10 ,0.173911
-9.86126 ,1.13483e+10 ,0.174044
-9.86126 ,1.13483e+10 ,0.174179
-9.86126 ,1.13483e+10 ,0.174313
-9.86126 ,1.13483e+10 ,0.174447
-9.86126 ,1.13483e+10 ,0.17458
-9.86126 ,1.13483e+10 ,0.174714
-9.86126 ,1.13483e+10 ,0.174849
-9.86126 ,1.13483e+10 ,0.174984
-9.86126 ,1.13483e+10 ,0.17512
-9.86126 ,1.13483e+10 ,0.175255
-9.86126 ,1.13483e+10 ,0.175395
-9.86126 ,1.13483e+10 ,0.175527
-9.86126 ,1.13483e+10 ,0.175661
-9.86126 ,1.13483e+10 ,0.175798
-9.86126 ,1.13483e+10 ,0.175932
-9.86126 ,1.13483e+10 ,0.176067
-9.86126 ,1.13483e+10 ,0.176202
-9.86126 ,1.13483e+10 ,0.176337
-9.86126 ,1.13483e+10 ,0.176472
-9.86126 ,1.13483e+10 ,0.176604
-9.86126 ,1.13483e+10 ,0.17674
-9.86126 ,1.13483e+10 ,0.176875
-9.86126 ,1.13483e+10 ,0.177011
-9.86126 ,1.13483e+10 ,0.177144
-10.0946 ,1.08325e+10 ,0.177278
-10.0946 ,1.08325e+10 ,0.177413
-10.0946 ,1.08325e+10 ,0.177549
-10.0946 ,1.08325e+10 ,0.177684
-10.0946 ,1.08325e+10 ,0.177817
-10.0946 ,1.08325e+10 ,0.177954
-10.0946 ,1.08325e+10 ,0.178088
-10.0946 ,1.08325e+10 ,0.178222
-10.0946 ,1.08325e+10 ,0.178357
-10.0946 ,1.08325e+10 ,0.178493
-10.0946 ,1.08325e+10 ,0.178628
-10.0946 ,1.08325e+10 ,0.178763
-10.0946 ,1.08325e+10 ,0.178899
-10.0946 ,1.08325e+10 ,0.179034
-10.0946 ,1.08325e+10 ,0.179168
-10.0946 ,1.08325e+10 ,0.179303
-10.0946 ,1.08325e+10 ,0.179436
-10.0946 ,1.08325e+10 ,0.17957
-10.0946 ,1.08325e+10 ,0.179704
-10.0946 ,1.08325e+10 ,0.179838
-10.0946 ,1.08325e+10 ,0.179974
-10.0946 ,1.08325e+10 ,0.180108
-10.0946 ,1.08325e+10 ,0.180244
-10.0946 ,1.08325e+10 ,0.180376
-10.0946 ,1.08325e+10 ,0.180511
-10.0946 ,1.08325e+10 ,0.180646
-10.0946 ,1.08325e+10 ,0.180784
-10.0946 ,1.08325e+10 ,0.180919
-10.0946 ,1.08325e+10 ,0.181052
-10.0946 ,1.08325e+10 ,0.181187
-10.0946 ,1.08325e+10 ,0.181325
-10.0946 ,1.08325e+10 ,0.18146
-10.1364 ,1.03615e+10 ,0.181596
-10.1364 ,1.03615e+10 ,0.181729
-10.1364 ,1.03615e+10 ,0.181864
-10.1364 ,1.03615e+10 ,0.181999
-10.1364 ,1.03615e+10 ,0.182132
-10.1364 ,1.03615e+10 ,0.182266
-10.1364 ,1.03615e+10 ,0.1824
-10.1364 ,1.03615e+10 ,0.182535
-10.1364 ,1.03615e+10 ,0.18267
-10.1364 ,1.03615e+10 ,0.182807
-10.1364 ,1.03615e+10 ,0.182942
-10.1364 ,1.03615e+10 ,0.183077
-10.1364 ,1.03615e+10 ,0.183212
-10.1364 ,1.03615e+10 ,0.183346
-10.1364 ,1.03615e+10 ,0.183481
-10.1364 ,1.03615e+10 ,0.183616
-10.1364 ,1.03615e+10 ,0.183751
-10.1364 ,1.03615e+10 ,0.183886
-10.1364 ,1.03615e+10 ,0.184021
-10.1364 ,1.03615e+10 ,0.184155
-10.1364 ,1.03615e+10 ,0.18429
-10.1364 ,1.03615e+10 ,0.184424
-10.1364 ,1.03615e+10 ,0.18456
-10.1364 ,1.03615e+10 ,0.184695
-10.1364 ,1.03615e+10 ,0.184832
-10.1364 ,1.03615e+10 ,0.184965
-10.1364 ,1.03615e+10 ,0.185099
-10.1364 ,1.03615e+10 ,0.185234
-10.1364 ,1.03615e+10 ,0.185368
-10.1364 ,1.03615e+10 ,0.185503
-10.1364 ,1.03615e+10 ,0.185638
-10.1364 ,1.03615e+10 ,0.185772
-10.1364 ,1.03615e+10 ,0.185906
-10.1364 ,1.03615e+10 ,0.186042
-10.1364 ,1.03615e+10 ,0.186178
-10.1364 ,1.03615e+10 ,0.186311
-10.1364 ,1.03615e+10 ,0.186446
-10.1364 ,1.03615e+10 ,0.186582
-10.1364 ,1.03615e+10 ,0.186717
-10.1364 ,1.03615e+10 ,0.186853
-10.1364 ,1.03615e+10 ,0.186988
-10.1364 ,1.03615e+10 ,0.187123
-10.1364 ,1.03615e+10 ,0.187257
-10.1364 ,1.03615e+10 ,0.187397
-10.1364 ,1.03615e+10 ,0.187531
-10.1364 ,1.03615e+10 ,0.187666
-10.1364 ,1.03615e+10 ,0.1878
-10.1364 ,1.03615e+10 ,0.187936
-10.1364 ,1.03615e+10 ,0.188072
-10.1364 ,1.03615e+10 ,0.188207
-10.1364 ,1.03615e+10 ,0.188342
-10.1364 ,1.03615e+10 ,0.188477
-10.1364 ,1.03615e+10 ,0.18861
-10.1364 ,1.03615e+10 ,0.188746
-10.1364 ,1.03615e+10 ,0.188881
-10.1364 ,1.03615e+10 ,0.189015
-10.1364 ,1.03615e+10 ,0.189149
-10.1364 ,1.03615e+10 ,0.189282
-10.1364 ,1.03615e+10 ,0.189416
-10.1364 ,1.03615e+10 ,0.189551
-10.1364 ,1.03615e+10 ,0.189685
-10.1364 ,1.03615e+10 ,0.18982
-10.1364 ,1.03615e+10 ,0.189955
-10.1364 ,1.03615e+10 ,0.190089
-10.1364 ,1.03615e+10 ,0.190223
-10.1364 ,1.03615e+10 ,0.190357
-10.1364 ,1.03615e+10 ,0.190493
-10.1364 ,1.03615e+10 ,0.190628
-10.1364 ,1.03615e+10 ,0.19076
-10.1364 ,1.03615e+10 ,0.190897
-10.1364 ,1.03615e+10 ,0.191032
-10.1364 ,1.03615e+10 ,0.191168
-10.1364 ,1.03615e+10 ,0.191303
-10.1364 ,1.03615e+10 ,0.191438
-10.1364 ,1.03615e+10 ,0.191571
-10.1364 ,1.03615e+10 ,0.191706
-10.1364 ,1.03615e+10 ,0.19184
-10.1364 ,1.03615e+10 ,0.191975
-10.1364 ,1.03615e+10 ,0.19211
-10.1364 ,1.03615e+10 ,0.192245
-10.1364 ,1.03615e+10 ,0.192379
-10.1364 ,1.03615e+10 ,0.192512
-10.1364 ,1.03615e+10 ,0.192648
-10.1364 ,1.03615e+10 ,0.192784
-10.1364 ,1.03615e+10 ,0.192919
-10.1364 ,1.03615e+10 ,0.193054
-10.1364 ,1.03615e+10 ,0.193188
-10.1364 ,1.03615e+10 ,0.193327
-10.1364 ,1.03615e+10 ,0.193463
-10.1364 ,1.03615e+10 ,0.193597
-10.1364 ,1.03615e+10 ,0.193731
-10.1364 ,1.03615e+10 ,0.193866
-10.1364 ,1.03615e+10 ,0.194
-10.1364 ,1.03615e+10 ,0.194136
-10.1364 ,1.03615e+10 ,0.194271
-10.1364 ,1.03615e+10 ,0.194407
-10.1364 ,1.03615e+10 ,0.194541
-10.1364 ,1.03615e+10 ,0.194676
-10.1364 ,1.03615e+10 ,0.19481
-10.1364 ,1.03615e+10 ,0.194945
-10.1364 ,1.03615e+10 ,0.195081
-10.1364 ,1.03615e+10 ,0.195217
-10.1364 ,1.03615e+10 ,0.195352
-10.1364 ,1.03615e+10 ,0.195487
-10.1364 ,1.03615e+10 ,0.195622
-10.1364 ,1.03615e+10 ,0.195756
-10.1364 ,1.03615e+10 ,0.195892
-10.1364 ,1.03615e+10 ,0.196027
-10.1364 ,1.03615e+10 ,0.196164
-10.1364 ,1.03615e+10 ,0.196297
-10.1364 ,1.03615e+10 ,0.196433
-10.1364 ,1.03615e+10 ,0.196569
-10.1364 ,1.03615e+10 ,0.196704
-10.1364 ,1.03615e+10 ,0.196842
-10.1364 ,1.03615e+10 ,0.196975
-10.1364 ,1.03615e+10 ,0.197109
-10.1364 ,1.03615e+10 ,0.197244
-10.1364 ,1.03615e+10 ,0.197378
-10.1364 ,1.03615e+10 ,0.197514
-10.2836 ,9.92978e+09 ,0.197647
-10.2836 ,9.92978e+09 ,0.19778
-10.2836 ,9.92978e+09 ,0.197914
-10.2836 ,9.92978e+09 ,0.19805
-10.2836 ,9.92978e+09 ,0.198186
-10.2836 ,9.92978e+09 ,0.198322
-10.2836 ,9.92978e+09 ,0.198455
-10.2836 ,9.92978e+09 ,0.19859
-10.2836 ,9.92978e+09 ,0.198725
-10.2836 ,9.92978e+09 ,0.198857
-10.2836 ,9.92978e+09 ,0.198991
-10.2836 ,9.92978e+09 ,0.199126
-10.2836 ,9.92978e+09 ,0.199262
-10.2836 ,9.92978e+09 ,0.199401
-10.2836 ,9.92978e+09 ,0.199537
-10.2836 ,9.92978e+09 ,0.199671
-10.2836 ,9.92978e+09 ,0.199807
-10.2836 ,9.92978e+09 ,0.199941
-10.2836 ,9.92978e+09 ,0.200075
-10.2836 ,9.92978e+09 ,0.200209
-10.2836 ,9.92978e+09 ,0.200344
-10.2836 ,9.92978e+09 ,0.200478
-10.2836 ,9.92978e+09 ,0.200613
-10.2836 ,9.92978e+09 ,0.200749
-10.2836 ,9.92978e+09 ,0.200885
-10.2836 ,9.92978e+09 ,0.20102
-10.2836 ,9.92978e+09 ,0.201154
-10.2836 ,9.92978e+09 ,0.20129
-10.2836 ,9.92978e+09 ,0.201423
-10.2836 ,9.92978e+09 ,0.201559
-10.2836 ,9.92978e+09 ,0.201695
-10.2836 ,9.92978e+09 ,0.20183
-10.2836 ,9.92978e+09 ,0.201969
-10.2836 ,9.92978e+09 ,0.202105
-10.2836 ,9.92978e+09 ,0.202238
-10.2836 ,9.92978e+09 ,0.202372
-10.2836 ,9.92978e+09 ,0.202506
-10.2836 ,9.92978e+09 ,0.20264
-10.2836 ,9.92978e+09 ,0.202775
-10.2836 ,9.92978e+09 ,0.202909
-10.2836 ,9.92978e+09 ,0.203043
-10.2836 ,9.92978e+09 ,0.203178
-10.2836 ,9.92978e+09 ,0.203314
-10.2836 ,9.92978e+09 ,0.203448
-10.2836 ,9.92978e+09 ,0.203583
-10.2836 ,9.92978e+09 ,0.203718
-10.2836 ,9.92978e+09 ,0.203852
-10.2836 ,9.92978e+09 ,0.203989
-10.2836 ,9.92978e+09 ,0.204124
-10.2836 ,9.92978e+09 ,0.204258
-10.2836 ,9.92978e+09 ,0.204393
-10.2836 ,9.92978e+09 ,0.204526
-10.2836 ,9.92978e+09 ,0.204659
-10.2836 ,9.92978e+09 ,0.204794
-10.2836 ,9.92978e+09 ,0.20493
-10.2836 ,9.92978e+09 ,0.205063
-10.2836 ,9.92978e+09 ,0.205199
-10.2836 ,9.92978e+09 ,0.205333
-10.2836 ,9.92978e+09 ,0.205472
-10.2836 ,9.92978e+09 ,0.205606
-10.2836 ,9.92978e+09 ,0.205739
-10.2836 ,9.92978e+09 ,0.205874
-10.2836 ,9.92978e+09 ,0.206007
-10.2836 ,9.92978e+09 ,0.206141
-10.2836 ,9.92978e+09 ,0.206275
-10.2836 ,9.92978e+09 ,0.20641
-10.2836 ,9.92978e+09 ,0.206545
-10.2836 ,9.92978e+09 ,0.20668
-10.2836 ,9.92978e+09 ,0.206815
-10.2836 ,9.92978e+09 ,0.20695
-10.2836 ,9.92978e+09 ,0.207085
-10.2836 ,9.92978e+09 ,0.207218
-10.2836 ,9.92978e+09 ,0.207351
-10.2836 ,9.92978e+09 ,0.207485
-10.2836 ,9.92978e+09 ,0.20762
-10.2836 ,9.92978e+09 ,0.207755
-10.2836 ,9.92978e+09 ,0.20789
-10.2836 ,9.92978e+09 ,0.208026
-10.2836 ,9.92978e+09 ,0.208161
-10.2836 ,9.92978e+09 ,0.208296
-10.2836 ,9.92978e+09 ,0.208431
-10.2836 ,9.92978e+09 ,0.208564
-10.2836 ,9.92978e+09 ,0.2087
-10.2836 ,9.92978e+09 ,0.208838
-10.2836 ,9.92978e+09 ,0.208972
-10.2836 ,9.92978e+09 ,0.209107
-10.2836 ,9.92978e+09 ,0.209241
-10.2836 ,9.92978e+09 ,0.209376
-10.2836 ,9.92978e+09 ,0.209511
-10.2836 ,9.92978e+09 ,0.209648
-10.2836 ,9.92978e+09 ,0.209782
-10.2836 ,9.92978e+09 ,0.209916
-10.2836 ,9.92978e+09 ,0.21005
-10.2836 ,9.92978e+09 ,0.210186
-10.2836 ,9.92978e+09 ,0.210321
-10.2836 ,9.92978e+09 ,0.210453
-10.2836 ,9.92978e+09 ,0.210587
-10.2836 ,9.92978e+09 ,0.210719
-10.2836 ,9.92978e+09 ,0.210853
-10.2836 ,9.92978e+09 ,0.21099
-10.2836 ,9.92978e+09 ,0.211124
-10.2836 ,9.92978e+09 ,0.21126
-10.2836 ,9.92978e+09 ,0.211398
-10.2836 ,9.92978e+09 ,0.21153
-10.2836 ,9.92978e+09 ,0.211665
-10.2836 ,9.92978e+09 ,0.211799
-10.2836 ,9.92978e+09 ,0.211934
-10.2836 ,9.92978e+09 ,0.212068
-10.2836 ,9.92978e+09 ,0.212204
-10.2836 ,9.92978e+09 ,0.212339
-10.2836 ,9.92978e+09 ,0.212474
-10.2836 ,9.92978e+09 ,0.212608
-10.2836 ,9.92978e+09 ,0.212747
-10.2836 ,9.92978e+09 ,0.212882
-10.2836 ,9.92978e+09 ,0.213016
-10.2836 ,9.92978e+09 ,0.213151
-10.2836 ,9.92978e+09 ,0.213284
-10.2836 ,9.92978e+09 ,0.21342
-10.2836 ,9.92978e+09 ,0.213555
-10.2836 ,9.92978e+09 ,0.213689
-10.2836 ,9.92978e+09 ,0.213823
-10.2836 ,9.92978e+09 ,0.213958
-10.2836 ,9.92978e+09 ,0.214094
-10.2836 ,9.92978e+09 ,0.214228
-10.2836 ,9.92978e+09 ,0.214362
-10.2836 ,9.92978e+09 ,0.214495
-10.2836 ,9.92978e+09 ,0.214629
-10.2836 ,9.92978e+09 ,0.214763
-10.2836 ,9.92978e+09 ,0.214898
-10.2836 ,9.92978e+09 ,0.215033
-10.2836 ,9.92978e+09 ,0.215167
-10.2836 ,9.92978e+09 ,0.215302
-10.2836 ,9.92978e+09 ,0.215437
-10.2836 ,9.92978e+09 ,0.215573
-10.2836 ,9.92978e+09 ,0.215707
-10.2836 ,9.92978e+09 ,0.215843
-10.2836 ,9.92978e+09 ,0.215976
-10.2836 ,9.92978e+09 ,0.21611
-10.2836 ,9.92978e+09 ,0.216244
-10.2836 ,9.92978e+09 ,0.216375
-10.2836 ,9.92978e+09 ,0.21651
-10.2836 ,9.92978e+09 ,0.216643
-10.2836 ,9.92978e+09 ,0.216782
-10.2836 ,9.92978e+09 ,0.216918
-10.2836 ,9.92978e+09 ,0.217052
-10.2836 ,9.92978e+09 ,0.217187
-10.2836 ,9.92978e+09 ,0.217324
-10.2836 ,9.92978e+09 ,0.217464
-10.2836 ,9.92978e+09 ,0.217598
-10.2836 ,9.92978e+09 ,0.217732
-10.2836 ,9.92978e+09 ,0.217866
-10.2836 ,9.92978e+09 ,0.218
-10.2836 ,9.92978e+09 ,0.218135
-10.2836 ,9.92978e+09 ,0.218269
-10.2836 ,9.92978e+09 ,0.218403
-10.2836 ,9.92978e+09 ,0.218538
-10.2836 ,9.92978e+09 ,0.218675
-10.2836 ,9.92978e+09 ,0.21881
-10.2836 ,9.92978e+09 ,0.218944
-10.2836 ,9.92978e+09 ,0.219078
-10.2836 ,9.92978e+09 ,0.219211
-10.2836 ,9.92978e+09 ,0.219347
-10.2836 ,9.92978e+09 ,0.21948
-10.2836 ,9.92978e+09 ,0.219615
-10.2836 ,9.92978e+09 ,0.219748
-10.2836 ,9.92978e+09 ,0.219883
-10.2836 ,9.92978e+09 ,0.220016
-10.2836 ,9.92978e+09 ,0.220152
-10.2836 ,9.92978e+09 ,0.220286
-10.2836 ,9.92978e+09 ,0.220421
-10.2836 ,9.92978e+09 ,0.220557
-10.2836 ,9.92978e+09 ,0.220692
-10.2836 ,9.92978e+09 ,0.220827
-10.2836 ,9.92978e+09 ,0.220964
-10.2836 ,9.92978e+09 ,0.221098
-10.2836 ,9.92978e+09 ,0.221233
-10.2836 ,9.92978e+09 ,0.221371
-10.2836 ,9.92978e+09 ,0.221506
-10.2836 ,9.92978e+09 ,0.221642
-10.2836 ,9.92978e+09 ,0.221781
-10.2836 ,9.92978e+09 ,0.22192
-10.2836 ,9.92978e+09 ,0.222059
-10.2836 ,9.92978e+09 ,0.222194
-10.2836 ,9.92978e+09 ,0.222331
-10.2836 ,9.92978e+09 ,0.222468
-10.2836 ,9.92978e+09 ,0.222602
-10.2836 ,9.92978e+09 ,0.222737
-10.2836 ,9.92978e+09 ,0.222872
-10.2836 ,9.92978e+09 ,0.223006
-10.2836 ,9.92978e+09 ,0.223141
-10.2836 ,9.92978e+09 ,0.223277
-10.2836 ,9.92978e+09 ,0.223416
-10.2836 ,9.92978e+09 ,0.223551
-10.2836 ,9.92978e+09 ,0.223686
-10.2836 ,9.92978e+09 ,0.22382
-10.2836 ,9.92978e+09 ,0.223955
-10.2836 ,9.92978e+09 ,0.224088
-10.2836 ,9.92978e+09 ,0.224222
-10.2836 ,9.92978e+09 ,0.224356
-10.2836 ,9.92978e+09 ,0.224492
-10.2836 ,9.92978e+09 ,0.224627
-10.2836 ,9.92978e+09 ,0.224765
-10.2836 ,9.92978e+09 ,0.224903
-10.2836 ,9.92978e+09 ,0.225038
-10.2836 ,9.92978e+09 ,0.225172
-10.2836 ,9.92978e+09 ,0.225306
-10.2836 ,9.92978e+09 ,0.22544
-10.2836 ,9.92978e+09 ,0.225575
-10.2836 ,9.92978e+09 ,0.225712
-10.2836 ,9.92978e+09 ,0.225846
-10.2836 ,9.92978e+09 ,0.225981
-10.2836 ,9.92978e+09 ,0.226115
-10.2836 ,9.92978e+09 ,0.22625
-10.2836 ,9.92978e+09 ,0.226385
-10.2836 ,9.92978e+09 ,0.22652
-10.2836 ,9.92978e+09 ,0.226656
-10.2836 ,9.92978e+09 ,0.226789
-10.2836 ,9.92978e+09 ,0.226924
-10.2836 ,9.92978e+09 ,0.227059
-10.2836 ,9.92978e+09 ,0.227194
-10.2836 ,9.92978e+09 ,0.227328
-10.2836 ,9.92978e+09 ,0.227461
-10.2836 ,9.92978e+09 ,0.227594
-10.2836 ,9.92978e+09 ,0.227728
-10.2836 ,9.92978e+09 ,0.227863
-10.2836 ,9.92978e+09 ,0.227998
-10.2836 ,9.92978e+09 ,0.228132
-10.2836 ,9.92978e+09 ,0.228265
-10.2836 ,9.92978e+09 ,0.2284
-10.2836 ,9.92978e+09 ,0.228536
-10.2836 ,9.92978e+09 ,0.228671
-10.2836 ,9.92978e+09 ,0.22881
-10.2836 ,9.92978e+09 ,0.228947
-10.2836 ,9.92978e+09 ,0.229082
-10.2836 ,9.92978e+09 ,0.229217
-10.2836 ,9.92978e+09 ,0.229351
-10.2836 ,9.92978e+09 ,0.22949
-10.2836 ,9.92978e+09 ,0.229626
-10.2836 ,9.92978e+09 ,0.229762
-10.2836 ,9.92978e+09 ,0.229897
-10.2836 ,9.92978e+09 ,0.230032
-10.2836 ,9.92978e+09 ,0.230167
-10.2836 ,9.92978e+09 ,0.230302
-10.2836 ,9.92978e+09 ,0.230438
-10.2836 ,9.92978e+09 ,0.230573
-10.2836 ,9.92978e+09 ,0.230706
-10.2836 ,9.92978e+09 ,0.230841
-10.2836 ,9.92978e+09 ,0.230976
-10.2836 ,9.92978e+09 ,0.23111
-10.2836 ,9.92978e+09 ,0.231247
-10.2836 ,9.92978e+09 ,0.231382
-10.2836 ,9.92978e+09 ,0.231516
-10.2836 ,9.92978e+09 ,0.231649
-10.2836 ,9.92978e+09 ,0.231784
-10.2836 ,9.92978e+09 ,0.231919
-10.2836 ,9.92978e+09 ,0.232052
-10.2836 ,9.92978e+09 ,0.232187
-10.2836 ,9.92978e+09 ,0.232321
-10.2836 ,9.92978e+09 ,0.232454
-10.2836 ,9.92978e+09 ,0.23259
-10.2836 ,9.92978e+09 ,0.232725
-10.2836 ,9.92978e+09 ,0.232866
-10.2836 ,9.92978e+09 ,0.233001
-10.2836 ,9.92978e+09 ,0.233136
-10.2836 ,9.92978e+09 ,0.233272
-10.2836 ,9.92978e+09 ,0.233408
-10.2836 ,9.92978e+09 ,0.233543
-10.2836 ,9.92978e+09 ,0.233678
-10.2836 ,9.92978e+09 ,0.23381
-10.2836 ,9.92978e+09 ,0.233946
-10.2836 ,9.92978e+09 ,0.234081
-10.2836 ,9.92978e+09 ,0.234216
-10.2836 ,9.92978e+09 ,0.234352
-10.2836 ,9.92978e+09 ,0.234487
-10.2836 ,9.92978e+09 ,0.234624
-10.2836 ,9.92978e+09 ,0.234758
-10.2836 ,9.92978e+09 ,0.234894
-10.2836 ,9.92978e+09 ,0.235029
-10.2836 ,9.92978e+09 ,0.235164
-10.2836 ,9.92978e+09 ,0.235297
-10.2836 ,9.92978e+09 ,0.235437
-10.2836 ,9.92978e+09 ,0.235572
-10.2836 ,9.92978e+09 ,0.235707
-10.2836 ,9.92978e+09 ,0.235842
-10.2836 ,9.92978e+09 ,0.235976
-10.2836 ,9.92978e+09 ,0.236111
-10.2836 ,9.92978e+09 ,0.236244
-10.2836 ,9.92978e+09 ,0.236379
-10.2836 ,9.92978e+09 ,0.236513
-10.2836 ,9.92978e+09 ,0.23665
-10.2836 ,9.92978e+09 ,0.236787
-10.2836 ,9.92978e+09 ,0.236921
-10.2836 ,9.92978e+09 ,0.237057
-10.2836 ,9.92978e+09 ,0.23719
-10.2836 ,9.92978e+09 ,0.237325
-10.2836 ,9.92978e+09 ,0.237458
-10.2836 ,9.92978e+09 ,0.237592
-10.2836 ,9.92978e+09 ,0.237726
-10.2836 ,9.92978e+09 ,0.23786
-10.2836 ,9.92978e+09 ,0.237994
-10.2836 ,9.92978e+09 ,0.238127
-10.2836 ,9.92978e+09 ,0.238261
-10.2836 ,9.92978e+09 ,0.238394
-10.2836 ,9.92978e+09 ,0.238529
-10.2836 ,9.92978e+09 ,0.238663
-10.2836 ,9.92978e+09 ,0.238795
-10.2836 ,9.92978e+09 ,0.238929
-10.2836 ,9.92978e+09 ,0.239064
-10.2836 ,9.92978e+09 ,0.2392
-10.2836 ,9.92978e+09 ,0.239334
-10.2836 ,9.92978e+09 ,0.23947
-10.2836 ,9.92978e+09 ,0.239605
-10.2836 ,9.92978e+09 ,0.239738
-10.2836 ,9.92978e+09 ,0.239871
-10.2836 ,9.92978e+09 ,0.240007
-10.2836 ,9.92978e+09 ,0.240143
-10.2836 ,9.92978e+09 ,0.240277
-10.2836 ,9.92978e+09 ,0.240412
-10.2836 ,9.92978e+09 ,0.240547
-10.2836 ,9.92978e+09 ,0.240681
-10.2836 ,9.92978e+09 ,0.240817
-10.2836 ,9.92978e+09 ,0.240954
-10.2836 ,9.92978e+09 ,0.241089
-10.2836 ,9.92978e+09 ,0.241222
-10.2836 ,9.92978e+09 ,0.241357
-10.2836 ,9.92978e+09 ,0.241494
-10.2836 ,9.92978e+09 ,0.241629
-10.2836 ,9.92978e+09 ,0.241762
-10.2836 ,9.92978e+09 ,0.241896
-10.2836 ,9.92978e+09 ,0.24203
-10.2836 ,9.92978e+09 ,0.242166
-10.2836 ,9.92978e+09 ,0.2423
-10.2836 ,9.92978e+09 ,0.242435
-10.2836 ,9.92978e+09 ,0.242569
-10.2836 ,9.92978e+09 ,0.242703
-10.2836 ,9.92978e+09 ,0.242835
-10.2836 ,9.92978e+09 ,0.24297
-10.2836 ,9.92978e+09 ,0.243107
-10.2836 ,9.92978e+09 ,0.24324
-10.2836 ,9.92978e+09 ,0.243374
-10.2836 ,9.92978e+09 ,0.243508
-10.2836 ,9.92978e+09 ,0.243643
-10.2836 ,9.92978e+09 ,0.243776
-10.2836 ,9.92978e+09 ,0.243911
-10.2836 ,9.92978e+09 ,0.244045
-10.2836 ,9.92978e+09 ,0.24418
-10.2836 ,9.92978e+09 ,0.244315
-10.2836 ,9.92978e+09 ,0.244449
-10.2836 ,9.92978e+09 ,0.244583
-10.2836 ,9.92978e+09 ,0.244716
-10.2836 ,9.92978e+09 ,0.244853
-10.2836 ,9.92978e+09 ,0.244989
-10.2836 ,9.92978e+09 ,0.245123
-10.2836 ,9.92978e+09 ,0.245257
-10.2836 ,9.92978e+09 ,0.245391
-10.2836 ,9.92978e+09 ,0.245526
-10.2836 ,9.92978e+09 ,0.24566
-10.2836 ,9.92978e+09 ,0.245794
-10.2836 ,9.92978e+09 ,0.245928
-10.2836 ,9.92978e+09 ,0.246063
-10.2836 ,9.92978e+09 ,0.246198
-10.2836 ,9.92978e+09 ,0.24633
-10.2836 ,9.92978e+09 ,0.246464
-10.2836 ,9.92978e+09 ,0.2466
-10.2836 ,9.92978e+09 ,0.246735
-10.2836 ,9.92978e+09 ,0.246869
-10.2836 ,9.92978e+09 ,0.247003
-10.2836 ,9.92978e+09 ,0.247138
-10.2836 ,9.92978e+09 ,0.247273
-10.2836 ,9.92978e+09 ,0.247406
-10.2836 ,9.92978e+09 ,0.247543
-10.2836 ,9.92978e+09 ,0.247679
-10.2836 ,9.92978e+09 ,0.247813
-10.2836 ,9.92978e+09 ,0.247949
-10.2836 ,9.92978e+09 ,0.248084
-10.2836 ,9.92978e+09 ,0.248219
-10.2836 ,9.92978e+09 ,0.248354
-10.2836 ,9.92978e+09 ,0.248488
-10.2836 ,9.92978e+09 ,0.248623
-10.2836 ,9.92978e+09 ,0.24876
-10.2836 ,9.92978e+09 ,0.248895
-10.2836 ,9.92978e+09 ,0.24903
-10.2836 ,9.92978e+09 ,0.249164
-10.2836 ,9.92978e+09 ,0.249299
-10.2836 ,9.92978e+09 ,0.249433
-10.2836 ,9.92978e+09 ,0.249569
-10.2836 ,9.92978e+09 ,0.249704
-10.2836 ,9.92978e+09 ,0.249838
-10.2836 ,9.92978e+09 ,0.249972
-10.2836 ,9.92978e+09 ,0.250105
-10.2836 ,9.92978e+09 ,0.250241
-10.2836 ,9.92978e+09 ,0.250376
-10.2836 ,9.92978e+09 ,0.250511
-10.2836 ,9.92978e+09 ,0.250645
-10.2836 ,9.92978e+09 ,0.250781
-10.2836 ,9.92978e+09 ,0.250915
-10.2836 ,9.92978e+09 ,0.251051
-10.2836 ,9.92978e+09 ,0.251185
-10.2836 ,9.92978e+09 ,0.251318
-10.2836 ,9.92978e+09 ,0.251453
-10.2836 ,9.92978e+09 ,0.251587
-10.2836 ,9.92978e+09 ,0.251721
-10.2836 ,9.92978e+09 ,0.251859
-10.2836 ,9.92978e+09 ,0.251994
-10.2836 ,9.92978e+09 ,0.252129
-10.2836 ,9.92978e+09 ,0.252264
-10.2836 ,9.92978e+09 ,0.252399
-10.2836 ,9.92978e+09 ,0.252532
-10.2836 ,9.92978e+09 ,0.252666
-10.2836 ,9.92978e+09 ,0.252803
-10.2836 ,9.92978e+09 ,0.25294
-10.2836 ,9.92978e+09 ,0.253076
-10.2836 ,9.92978e+09 ,0.253209
-10.4158 ,9.53259e+09 ,0.253345
-10.4158 ,9.53259e+09 ,0.253484
-10.4158 ,9.53259e+09 ,0.253618
-10.4158 ,9.53259e+09 ,0.253752
-10.4158 ,9.53259e+09 ,0.253886
-10.4158 ,9.53259e+09 ,0.254021
-10.4158 ,9.53259e+09 ,0.254154
-10.4158 ,9.53259e+09 ,0.254287
-10.4158 ,9.53259e+09 ,0.254422
-10.4158 ,9.53259e+09 ,0.254558
-10.4158 ,9.53259e+09 ,0.254694
-10.4158 ,9.53259e+09 ,0.254829
-10.4158 ,9.53259e+09 ,0.254963
-10.4158 ,9.53259e+09 ,0.255098
-10.4158 ,9.53259e+09 ,0.255232
-10.4158 ,9.53259e+09 ,0.255366
-10.4158 ,9.53259e+09 ,0.2555
-10.4158 ,9.53259e+09 ,0.255636
-10.4158 ,9.53259e+09 ,0.25577
-10.4158 ,9.53259e+09 ,0.255905
-10.4158 ,9.53259e+09 ,0.25604
-10.4158 ,9.53259e+09 ,0.256176
-10.4158 ,9.53259e+09 ,0.256312
-10.4158 ,9.53259e+09 ,0.256447
-10.4158 ,9.53259e+09 ,0.256582
-10.4158 ,9.53259e+09 ,0.256716
-10.4158 ,9.53259e+09 ,0.256853
-10.4158 ,9.53259e+09 ,0.256985
-10.4158 ,9.53259e+09 ,0.257121
-10.4158 ,9.53259e+09 ,0.257256
-10.4158 ,9.53259e+09 ,0.257389
-10.4158 ,9.53259e+09 ,0.257523
-10.4158 ,9.53259e+09 ,0.257656
-10.4158 ,9.53259e+09 ,0.257791
-10.4158 ,9.53259e+09 ,0.257926
-10.4158 ,9.53259e+09 ,0.258062
-10.4158 ,9.53259e+09 ,0.258196
-10.4158 ,9.53259e+09 ,0.25833
-10.4158 ,9.53259e+09 ,0.258463
-10.4158 ,9.53259e+09 ,0.258599
-10.4158 ,9.53259e+09 ,0.258736
-10.4158 ,9.53259e+09 ,0.258872
-10.4158 ,9.53259e+09 ,0.259005
-10.4697 ,9.16595e+09 ,0.25914
-10.4697 ,9.16595e+09 ,0.259275
-10.4697 ,9.16595e+09 ,0.25941
-10.4697 ,9.16595e+09 ,0.259551
-10.4697 ,9.16595e+09 ,0.259686
-10.4697 ,9.16595e+09 ,0.25982
-10.4697 ,9.16595e+09 ,0.259955
-10.4697 ,9.16595e+09 ,0.26009
-10.4697 ,9.16595e+09 ,0.260226
-10.4697 ,9.16595e+09 ,0.26036
-10.4697 ,9.16595e+09 ,0.260495
-10.4697 ,9.16595e+09 ,0.260629
-10.4697 ,9.16595e+09 ,0.260765
-10.4697 ,9.16595e+09 ,0.260901
-10.4697 ,9.16595e+09 ,0.261036
-10.4697 ,9.16595e+09 ,0.261169
-10.4697 ,9.16595e+09 ,0.261305
-10.4697 ,9.16595e+09 ,0.26144
-10.4697 ,9.16595e+09 ,0.261576
-10.4591 ,8.82647e+09 ,0.261711
-10.4591 ,8.82647e+09 ,0.261846
-10.4591 ,8.82647e+09 ,0.261982
-10.4591 ,8.82647e+09 ,0.262116
-10.4591 ,8.82647e+09 ,0.262251
-10.4591 ,8.82647e+09 ,0.262385
-10.4591 ,8.82647e+09 ,0.26252
-10.4591 ,8.82647e+09 ,0.262655
-10.4591 ,8.82647e+09 ,0.26279
-10.4591 ,8.82647e+09 ,0.262925
-10.4591 ,8.82647e+09 ,0.26306
-10.4591 ,8.82647e+09 ,0.263195
-10.4591 ,8.82647e+09 ,0.263332
-10.4591 ,8.82647e+09 ,0.263467
-10.4591 ,8.82647e+09 ,0.263602
-10.4591 ,8.82647e+09 ,0.263737
-10.4591 ,8.82647e+09 ,0.263871
-10.4591 ,8.82647e+09 ,0.264005
-10.4591 ,8.82647e+09 ,0.26414
-10.4591 ,8.82647e+09 ,0.264275
-10.4591 ,8.82647e+09 ,0.264409
-10.4591 ,8.82647e+09 ,0.264543
-10.4591 ,8.82647e+09 ,0.264678
-10.6381 ,8.51124e+09 ,0.264814
-10.6381 ,8.51124e+09 ,0.264951
-10.6381 ,8.51124e+09 ,0.265085
-10.6381 ,8.51124e+09 ,0.26522
-10.6381 ,8.51124e+09 ,0.265354
-10.6381 ,8.51124e+09 ,0.265494
-10.6381 ,8.51124e+09 ,0.265628
-10.6381 ,8.51124e+09 ,0.265762
-10.6381 ,8.51124e+09 ,0.265898
-10.6381 ,8.51124e+09 ,0.266034
-10.6381 ,8.51124e+09 ,0.266168
-10.6381 ,8.51124e+09 ,0.266301
-10.6381 ,8.51124e+09 ,0.266433
-10.6381 ,8.51124e+09 ,0.266569
-10.6381 ,8.51124e+09 ,0.266704
-10.6381 ,8.51124e+09 ,0.266838
-10.6381 ,8.51124e+09 ,0.266974
-10.6381 ,8.51124e+09 ,0.267108
-10.6381 ,8.51124e+09 ,0.267257
-10.6381 ,8.51124e+09 ,0.267389
-10.6381 ,8.51124e+09 ,0.267521
-10.6381 ,8.51124e+09 ,0.267653
-10.6381 ,8.51124e+09 ,0.267786
-10.6381 ,8.51124e+09 ,0.267917
-10.6381 ,8.51124e+09 ,0.268049
-10.6381 ,8.51124e+09 ,0.268178
-10.6381 ,8.51124e+09 ,0.268309
-10.6381 ,8.51124e+09 ,0.26844
-10.6381 ,8.51124e+09 ,0.268571
-10.6381 ,8.51124e+09 ,0.268702
-10.6381 ,8.51124e+09 ,0.268836
-10.6381 ,8.51124e+09 ,0.26897
-10.6381 ,8.51124e+09 ,0.269105
-10.6381 ,8.51124e+09 ,0.269237
-10.6381 ,8.51124e+09 ,0.269368
-10.6381 ,8.51124e+09 ,0.2695
-10.6381 ,8.51124e+09 ,0.269631
-10.6381 ,8.51124e+09 ,0.269764
-10.6381 ,8.51124e+09 ,0.269926
-10.6381 ,8.51124e+09 ,0.270058
-10.6381 ,8.51124e+09 ,0.270187
-10.6381 ,8.51124e+09 ,0.270319
-10.6381 ,8.51124e+09 ,0.27045
-10.6381 ,8.51124e+09 ,0.270582
-10.6381 ,8.51124e+09 ,0.270714
-10.6381 ,8.51124e+09 ,0.270847
-10.6381 ,8.51124e+09 ,0.270978
-10.6381 ,8.51124e+09 ,0.271109
-10.6381 ,8.51124e+09 ,0.271243
-10.6381 ,8.51124e+09 ,0.271375
-10.6381 ,8.51124e+09 ,0.27151
-10.6381 ,8.51124e+09 ,0.271641
-10.6381 ,8.51124e+09 ,0.271771
-10.6381 ,8.51124e+09 ,0.271902
-10.6381 ,8.51124e+09 ,0.272063
-10.6381 ,8.51124e+09 ,0.272195
-10.6787 ,8.21775e+09 ,0.272327
-10.6787 ,8.21775e+09 ,0.272458
-10.6787 ,8.21775e+09 ,0.272589
-10.6787 ,8.21775e+09 ,0.272721
-10.6787 ,8.21775e+09 ,0.272886
-10.6787 ,8.21775e+09 ,0.27302
-10.6787 ,8.21775e+09 ,0.273151
-10.6787 ,8.21775e+09 ,0.273283
-10.6787 ,8.21775e+09 ,0.273414
-10.6787 ,8.21775e+09 ,0.273545
-10.5823 ,7.94382e+09 ,0.273677
-10.5823 ,7.94382e+09 ,0.273809
-10.5823 ,7.94382e+09 ,0.27394
-10.5823 ,7.94382e+09 ,0.274071
-10.5823 ,7.94382e+09 ,0.274204
-10.5823 ,7.94382e+09 ,0.274336
-10.5823 ,7.94382e+09 ,0.274467
-10.5823 ,7.94382e+09 ,0.274598
-10.5823 ,7.94382e+09 ,0.274731
-10.5823 ,7.94382e+09 ,0.274861
-10.5823 ,7.94382e+09 ,0.274991
-10.5823 ,7.94382e+09 ,0.275123
-10.5823 ,7.94382e+09 ,0.275271
-10.5823 ,7.94382e+09 ,0.275417
-10.5823 ,7.94382e+09 ,0.275547
-10.5823 ,7.94382e+09 ,0.275677
-10.5823 ,7.94382e+09 ,0.275809
-10.5823 ,7.94382e+09 ,0.275941
-10.5823 ,7.94382e+09 ,0.276073
-10.5823 ,7.94382e+09 ,0.276202
-10.5823 ,7.94382e+09 ,0.276332
-10.5823 ,7.94382e+09 ,0.276493
-10.5823 ,7.94382e+09 ,0.276621
-10.5823 ,7.94382e+09 ,0.276784
-10.5823 ,7.94382e+09 ,0.276918
-10.5823 ,7.94382e+09 ,0.277048
-10.5823 ,7.94382e+09 ,0.277179
-10.5823 ,7.94382e+09 ,0.277311
-10.5823 ,7.94382e+09 ,0.277447
-10.5823 ,7.94382e+09 ,0.277579
-10.5823 ,7.94382e+09 ,0.277711
-10.5823 ,7.94382e+09 ,0.277842
-10.5823 ,7.94382e+09 ,0.277973
-10.5823 ,7.94382e+09 ,0.278104
-10.5823 ,7.94382e+09 ,0.278236
-10.5823 ,7.94382e+09 ,0.278368
-10.5823 ,7.94382e+09 ,0.2785
-10.5823 ,7.94382e+09 ,0.278632
-10.5823 ,7.94382e+09 ,0.278762
-10.5823 ,7.94382e+09 ,0.278894
-10.5823 ,7.94382e+09 ,0.279025
-10.5823 ,7.94382e+09 ,0.279157
-10.5823 ,7.94382e+09 ,0.279289
-10.5823 ,7.94382e+09 ,0.279422
-10.5823 ,7.94382e+09 ,0.279553
-10.5823 ,7.94382e+09 ,0.279715
-10.5823 ,7.94382e+09 ,0.279847
-10.5823 ,7.94382e+09 ,0.279976
-10.5823 ,7.94382e+09 ,0.280106
-10.5823 ,7.94382e+09 ,0.280238
-10.5823 ,7.94382e+09 ,0.280369
-10.5823 ,7.94382e+09 ,0.280501
-10.5823 ,7.94382e+09 ,0.280632
-10.5823 ,7.94382e+09 ,0.280797
-10.5823 ,7.94382e+09 ,0.280931
-10.5823 ,7.94382e+09 ,0.281063
-10.5823 ,7.94382e+09 ,0.281195
-10.5823 ,7.94382e+09 ,0.281324
-10.5823 ,7.94382e+09 ,0.281456
-10.5823 ,7.94382e+09 ,0.281586
-10.5823 ,7.94382e+09 ,0.281718
-10.5823 ,7.94382e+09 ,0.281888
-10.5823 ,7.94382e+09 ,0.282019
-10.5823 ,7.94382e+09 ,0.282149
-10.5823 ,7.94382e+09 ,0.282281
-10.5823 ,7.94382e+09 ,0.282412
-10.5823 ,7.94382e+09 ,0.282545
-10.5823 ,7.94382e+09 ,0.282675
-10.5823 ,7.94382e+09 ,0.282806
-10.5823 ,7.94382e+09 ,0.282977
-10.5823 ,7.94382e+09 ,0.283108
-10.5823 ,7.94382e+09 ,0.283239
-10.5823 ,7.94382e+09 ,0.28337
-10.5823 ,7.94382e+09 ,0.283506
-10.5823 ,7.94382e+09 ,0.283636
-10.5823 ,7.94382e+09 ,0.283769
-10.5823 ,7.94382e+09 ,0.283899
-10.5823 ,7.94382e+09 ,0.284068
-10.5823 ,7.94382e+09 ,0.284199
-10.5823 ,7.94382e+09 ,0.28433
-10.5823 ,7.94382e+09 ,0.284462
-10.5823 ,7.94382e+09 ,0.284592
-10.5823 ,7.94382e+09 ,0.284724
-10.5823 ,7.94382e+09 ,0.28489
-10.5823 ,7.94382e+09 ,0.285023
-10.5823 ,7.94382e+09 ,0.285185
-10.5823 ,7.94382e+09 ,0.285314
-10.5823 ,7.94382e+09 ,0.285447
-10.5823 ,7.94382e+09 ,0.285578
-10.5823 ,7.94382e+09 ,0.285711
-10.5823 ,7.94382e+09 ,0.285843
-10.5823 ,7.94382e+09 ,0.285975
-10.5823 ,7.94382e+09 ,0.286107
-10.5823 ,7.94382e+09 ,0.286239
-10.5823 ,7.94382e+09 ,0.286371
-10.5823 ,7.94382e+09 ,0.286503
-10.5823 ,7.94382e+09 ,0.28663
-10.5823 ,7.94382e+09 ,0.286761
-10.5823 ,7.94382e+09 ,0.286892
-10.5823 ,7.94382e+09 ,0.287022
-10.5823 ,7.94382e+09 ,0.287154
-10.5823 ,7.94382e+09 ,0.287315
-10.5823 ,7.94382e+09 ,0.287447
-10.5823 ,7.94382e+09 ,0.287577
-10.5823 ,7.94382e+09 ,0.287707
-10.5823 ,7.94382e+09 ,0.287839
-10.5823 ,7.94382e+09 ,0.287971
-10.5823 ,7.94382e+09 ,0.288102
-10.5823 ,7.94382e+09 ,0.288234
-10.5823 ,7.94382e+09 ,0.288366
-10.5823 ,7.94382e+09 ,0.288496
-10.5823 ,7.94382e+09 ,0.28863
-10.5823 ,7.94382e+09 ,0.288796
-10.5823 ,7.94382e+09 ,0.288967
-10.5823 ,7.94382e+09 ,0.289099
-10.5823 ,7.94382e+09 ,0.289231
-10.5823 ,7.94382e+09 ,0.289362
-10.5823 ,7.94382e+09 ,0.28953
-10.5823 ,7.94382e+09 ,0.289665
-10.5823 ,7.94382e+09 ,0.289796
-10.5823 ,7.94382e+09 ,0.289928
-10.5823 ,7.94382e+09 ,0.29006
-10.5823 ,7.94382e+09 ,0.290192
-10.5823 ,7.94382e+09 ,0.290323
-10.5823 ,7.94382e+09 ,0.290455
-10.5823 ,7.94382e+09 ,0.290586
-10.5823 ,7.94382e+09 ,0.290717
-10.5823 ,7.94382e+09 ,0.290848
-10.5823 ,7.94382e+09 ,0.290979
-10.5823 ,7.94382e+09 ,0.291111
-10.5823 ,7.94382e+09 ,0.291241
-10.5823 ,7.94382e+09 ,0.291372
-10.5823 ,7.94382e+09 ,0.291503
-10.5823 ,7.94382e+09 ,0.291634
-10.5823 ,7.94382e+09 ,0.291765
-10.5823 ,7.94382e+09 ,0.291897
-10.5823 ,7.94382e+09 ,0.292029
-10.5823 ,7.94382e+09 ,0.29216
-10.5823 ,7.94382e+09 ,0.292291
-10.5823 ,7.94382e+09 ,0.292423
-10.5823 ,7.94382e+09 ,0.292554
-10.5823 ,7.94382e+09 ,0.292703
-10.5823 ,7.94382e+09 ,0.292851
-10.5823 ,7.94382e+09 ,0.292984
-10.5823 ,7.94382e+09 ,0.293114
-10.5823 ,7.94382e+09 ,0.293247
-10.5823 ,7.94382e+09 ,0.293378
-10.5823 ,7.94382e+09 ,0.29351
-10.5823 ,7.94382e+09 ,0.293641
-10.5823 ,7.94382e+09 ,0.293804
-10.5823 ,7.94382e+09 ,0.293935
-10.5823 ,7.94382e+09 ,0.294069
-10.5823 ,7.94382e+09 ,0.2942
-10.5823 ,7.94382e+09 ,0.29433
-10.5823 ,7.94382e+09 ,0.294462
-10.5823 ,7.94382e+09 ,0.294594
-10.5823 ,7.94382e+09 ,0.294724
-10.5823 ,7.94382e+09 ,0.294856
-10.5823 ,7.94382e+09 ,0.294988
-10.5823 ,7.94382e+09 ,0.29512
-10.5823 ,7.94382e+09 ,0.295252
-10.5823 ,7.94382e+09 ,0.295383
-10.5823 ,7.94382e+09 ,0.29552
-10.5823 ,7.94382e+09 ,0.29565
-10.5823 ,7.94382e+09 ,0.295782
-10.5823 ,7.94382e+09 ,0.295913
-10.5823 ,7.94382e+09 ,0.296045
-10.5823 ,7.94382e+09 ,0.296176
-10.5823 ,7.94382e+09 ,0.296307
-10.5823 ,7.94382e+09 ,0.296438
-10.5823 ,7.94382e+09 ,0.296568
-10.5823 ,7.94382e+09 ,0.296699
-10.5823 ,7.94382e+09 ,0.296863
-10.5823 ,7.94382e+09 ,0.296997
-10.5823 ,7.94382e+09 ,0.297129
-10.5823 ,7.94382e+09 ,0.297261
-10.5823 ,7.94382e+09 ,0.297393
-10.5823 ,7.94382e+09 ,0.297523
-10.5823 ,7.94382e+09 ,0.297653
-10.5823 ,7.94382e+09 ,0.297787
-10.5823 ,7.94382e+09 ,0.29792
-10.5823 ,7.94382e+09 ,0.298053
-10.5823 ,7.94382e+09 ,0.298216
-10.5823 ,7.94382e+09 ,0.298347
-10.5823 ,7.94382e+09 ,0.298478
-10.5823 ,7.94382e+09 ,0.298607
-10.5823 ,7.94382e+09 ,0.298738
-10.5823 ,7.94382e+09 ,0.29887
-10.5823 ,7.94382e+09 ,0.299
-10.5823 ,7.94382e+09 ,0.299133
-10.5823 ,7.94382e+09 ,0.299296
-10.5823 ,7.94382e+09 ,0.299427
-10.5823 ,7.94382e+09 ,0.299557
-10.5823 ,7.94382e+09 ,0.299688
-10.5823 ,7.94382e+09 ,0.299819
-10.5823 ,7.94382e+09 ,0.299947
-10.5823 ,7.94382e+09 ,0.30008
-10.5823 ,7.94382e+09 ,0.300211
-10.5823 ,7.94382e+09 ,0.300376
-10.5823 ,7.94382e+09 ,0.300508
-10.5823 ,7.94382e+09 ,0.300638
-10.5823 ,7.94382e+09 ,0.300802
-10.5823 ,7.94382e+09 ,0.300934
-10.5823 ,7.94382e+09 ,0.301064
-10.5823 ,7.94382e+09 ,0.301195
-10.5823 ,7.94382e+09 ,0.301357
-10.5823 ,7.94382e+09 ,0.30149
-10.5823 ,7.94382e+09 ,0.301627
-10.5823 ,7.94382e+09 ,0.30176
-10.5823 ,7.94382e+09 ,0.301891
-10.5823 ,7.94382e+09 ,0.302023
-10.5823 ,7.94382e+09 ,0.302154
-10.5823 ,7.94382e+09 ,0.302285
-10.5823 ,7.94382e+09 ,0.302418
-10.5823 ,7.94382e+09 ,0.302548
-10.5823 ,7.94382e+09 ,0.30268
-10.5823 ,7.94382e+09 ,0.302812
-10.5823 ,7.94382e+09 ,0.302943
-10.5823 ,7.94382e+09 ,0.303074
-10.5823 ,7.94382e+09 ,0.303205
-10.5823 ,7.94382e+09 ,0.303337
-10.5823 ,7.94382e+09 ,0.303483
-10.5823 ,7.94382e+09 ,0.30363
-10.5823 ,7.94382e+09 ,0.30376
-10.5823 ,7.94382e+09 ,0.30389
-10.5823 ,7.94382e+09 ,0.304022
-10.5823 ,7.94382e+09 ,0.304155
-10.5823 ,7.94382e+09 ,0.304286
-10.5823 ,7.94382e+09 ,0.304417
-10.5823 ,7.94382e+09 ,0.304548
-10.5823 ,7.94382e+09 ,0.304705
-10.5823 ,7.94382e+09 ,0.304853
-10.5823 ,7.94382e+09 ,0.304986
-10.5823 ,7.94382e+09 ,0.305117
-10.5823 ,7.94382e+09 ,0.305248
-10.5823 ,7.94382e+09 ,0.305378
-10.5823 ,7.94382e+09 ,0.305512
-10.5823 ,7.94382e+09 ,0.305662
-10.5823 ,7.94382e+09 ,0.305808
-10.5823 ,7.94382e+09 ,0.305938
-10.5823 ,7.94382e+09 ,0.30607
-10.5823 ,7.94382e+09 ,0.306202
-10.5823 ,7.94382e+09 ,0.306332
-10.5823 ,7.94382e+09 ,0.306463
-10.5823 ,7.94382e+09 ,0.306594
-10.5823 ,7.94382e+09 ,0.306725
-10.5823 ,7.94382e+09 ,0.306894
-10.5823 ,7.94382e+09 ,0.307026
-10.5823 ,7.94382e+09 ,0.307158
-10.5823 ,7.94382e+09 ,0.307289
-10.5823 ,7.94382e+09 ,0.30742
-10.5823 ,7.94382e+09 ,0.307555
-10.5823 ,7.94382e+09 ,0.307687
-10.5823 ,7.94382e+09 ,0.307817
-10.5823 ,7.94382e+09 ,0.307985
-10.5823 ,7.94382e+09 ,0.308115
-10.5823 ,7.94382e+09 ,0.308249
-10.5823 ,7.94382e+09 ,0.308381
-10.5823 ,7.94382e+09 ,0.308512
-10.5823 ,7.94382e+09 ,0.308642
-10.5823 ,7.94382e+09 ,0.308807
-10.5823 ,7.94382e+09 ,0.308969
-10.5823 ,7.94382e+09 ,0.309101
-10.5823 ,7.94382e+09 ,0.309233
-10.5823 ,7.94382e+09 ,0.309364
-10.5823 ,7.94382e+09 ,0.309496
-10.5823 ,7.94382e+09 ,0.309626
-10.5823 ,7.94382e+09 ,0.309757
-10.5823 ,7.94382e+09 ,0.309888
-10.5823 ,7.94382e+09 ,0.310049
-10.5823 ,7.94382e+09 ,0.31018
-10.5823 ,7.94382e+09 ,0.31031
-10.5823 ,7.94382e+09 ,0.310441
-10.5823 ,7.94382e+09 ,0.310573
-10.5823 ,7.94382e+09 ,0.310704
-10.5823 ,7.94382e+09 ,0.310836
-10.5823 ,7.94382e+09 ,0.310967
-10.5823 ,7.94382e+09 ,0.311135
-10.5823 ,7.94382e+09 ,0.311265
-10.5823 ,7.94382e+09 ,0.311398
-10.5823 ,7.94382e+09 ,0.311531
-10.5823 ,7.94382e+09 ,0.311663
-10.5823 ,7.94382e+09 ,0.311794
-10.5823 ,7.94382e+09 ,0.311924
-10.5823 ,7.94382e+09 ,0.312056
-10.5823 ,7.94382e+09 ,0.312187
-10.5823 ,7.94382e+09 ,0.312319
-10.5823 ,7.94382e+09 ,0.312449
-10.5823 ,7.94382e+09 ,0.312581
-10.5823 ,7.94382e+09 ,0.312712
-10.5823 ,7.94382e+09 ,0.312878
-10.5823 ,7.94382e+09 ,0.31301
-10.5823 ,7.94382e+09 ,0.313142
-10.5823 ,7.94382e+09 ,0.313276
-10.5823 ,7.94382e+09 ,0.313407
-10.5823 ,7.94382e+09 ,0.313537
-10.5823 ,7.94382e+09 ,0.313675
-10.5823 ,7.94382e+09 ,0.313805
-10.5823 ,7.94382e+09 ,0.313936
-10.5823 ,7.94382e+09 ,0.314067
-10.5823 ,7.94382e+09 ,0.314198
-10.5823 ,7.94382e+09 ,0.314329
-10.5823 ,7.94382e+09 ,0.314492
-10.5823 ,7.94382e+09 ,0.314622
-10.5823 ,7.94382e+09 ,0.314753
-10.5823 ,7.94382e+09 ,0.314886
-10.5823 ,7.94382e+09 ,0.315016
-10.5823 ,7.94382e+09 ,0.315146
-10.5823 ,7.94382e+09 ,0.315278
-10.5823 ,7.94382e+09 ,0.315427
-10.5823 ,7.94382e+09 ,0.315573
-10.5823 ,7.94382e+09 ,0.315702
-10.5823 ,7.94382e+09 ,0.315832
-10.5823 ,7.94382e+09 ,0.315963
-10.5823 ,7.94382e+09 ,0.316095
-10.5823 ,7.94382e+09 ,0.316227
-10.5823 ,7.94382e+09 ,0.316358
-10.5823 ,7.94382e+09 ,0.31649
-10.5823 ,7.94382e+09 ,0.31665
-10.5823 ,7.94382e+09 ,0.31681
-10.5823 ,7.94382e+09 ,0.316943
-10.5823 ,7.94382e+09 ,0.317075
-10.5823 ,7.94382e+09 ,0.317207
-10.5823 ,7.94382e+09 ,0.317339
-10.5823 ,7.94382e+09 ,0.31747
-10.5823 ,7.94382e+09 ,0.317633
-10.5823 ,7.94382e+09 ,0.317763
-10.5823 ,7.94382e+09 ,0.317896
-10.5823 ,7.94382e+09 ,0.318028
-10.5823 ,7.94382e+09 ,0.31816
-10.5823 ,7.94382e+09 ,0.31829
-10.5823 ,7.94382e+09 ,0.318422
-10.5823 ,7.94382e+09 ,0.318553
-10.5823 ,7.94382e+09 ,0.318684
-10.5823 ,7.94382e+09 ,0.318815
-10.5823 ,7.94382e+09 ,0.318947
-10.5823 ,7.94382e+09 ,0.319077
-10.5823 ,7.94382e+09 ,0.319208
-10.5823 ,7.94382e+09 ,0.319339
-10.5823 ,7.94382e+09 ,0.319469
-10.5823 ,7.94382e+09 ,0.319607
-10.5823 ,7.94382e+09 ,0.319738
-10.5823 ,7.94382e+09 ,0.3199
-10.5823 ,7.94382e+09 ,0.320032
-10.5823 ,7.94382e+09 ,0.320162
-10.5823 ,7.94382e+09 ,0.320294
-10.5823 ,7.94382e+09 ,0.320424
-10.5823 ,7.94382e+09 ,0.320552
-10.5823 ,7.94382e+09 ,0.320683
-10.5823 ,7.94382e+09 ,0.320849
-10.5823 ,7.94382e+09 ,0.320984
-10.5823 ,7.94382e+09 ,0.321114
-10.5823 ,7.94382e+09 ,0.321243
-10.5823 ,7.94382e+09 ,0.321375
-10.5823 ,7.94382e+09 ,0.321507
-10.5823 ,7.94382e+09 ,0.321638
-10.5823 ,7.94382e+09 ,0.32177
-10.5823 ,7.94382e+09 ,0.321932
-10.5823 ,7.94382e+09 ,0.322064
-10.5823 ,7.94382e+09 ,0.322196
-10.5823 ,7.94382e+09 ,0.322325
-10.5823 ,7.94382e+09 ,0.322458
-10.5823 ,7.94382e+09 ,0.322589
-10.5823 ,7.94382e+09 ,0.32272
-10.5823 ,7.94382e+09 ,0.322853
-10.5823 ,7.94382e+09 ,0.322984
-10.5823 ,7.94382e+09 ,0.323115
-10.5823 ,7.94382e+09 ,0.323247
-10.5823 ,7.94382e+09 ,0.32338
-10.5823 ,7.94382e+09 ,0.323509
-10.5823 ,7.94382e+09 ,0.323641
-10.5823 ,7.94382e+09 ,0.323773
-10.5823 ,7.94382e+09 ,0.323904
-10.5823 ,7.94382e+09 ,0.324036
-10.5823 ,7.94382e+09 ,0.324167
-10.5823 ,7.94382e+09 ,0.324298
-10.5823 ,7.94382e+09 ,0.324429
-10.5823 ,7.94382e+09 ,0.324561
-10.5823 ,7.94382e+09 ,0.324694
-10.5823 ,7.94382e+09 ,0.324857
-10.5823 ,7.94382e+09 ,0.324989
-10.5823 ,7.94382e+09 ,0.32512
-10.5823 ,7.94382e+09 ,0.325251
-10.5823 ,7.94382e+09 ,0.325383
-10.5823 ,7.94382e+09 ,0.325514
-10.5823 ,7.94382e+09 ,0.325651
-10.5823 ,7.94382e+09 ,0.325783
-10.5823 ,7.94382e+09 ,0.325913
-10.5823 ,7.94382e+09 ,0.326045
-10.5823 ,7.94382e+09 ,0.326178
-10.5823 ,7.94382e+09 ,0.326309
-10.5823 ,7.94382e+09 ,0.32644
-10.5823 ,7.94382e+09 ,0.32657
-10.5823 ,7.94382e+09 ,0.326703
-10.5823 ,7.94382e+09 ,0.326834
-10.5823 ,7.94382e+09 ,0.326965
-10.5823 ,7.94382e+09 ,0.327096
-10.5823 ,7.94382e+09 ,0.327228
-10.5823 ,7.94382e+09 ,0.327393
-10.5823 ,7.94382e+09 ,0.327524
-10.5823 ,7.94382e+09 ,0.327656
-10.5823 ,7.94382e+09 ,0.327786
-10.5823 ,7.94382e+09 ,0.327918
-10.5823 ,7.94382e+09 ,0.32805
-10.5823 ,7.94382e+09 ,0.32818
-10.5823 ,7.94382e+09 ,0.328312
-10.5823 ,7.94382e+09 ,0.328475
-10.5823 ,7.94382e+09 ,0.328608
-10.5823 ,7.94382e+09 ,0.328774
-10.5823 ,7.94382e+09 ,0.328906
-10.5823 ,7.94382e+09 ,0.329036
-10.5823 ,7.94382e+09 ,0.329168
-10.5823 ,7.94382e+09 ,0.3293
-10.5823 ,7.94382e+09 ,0.32943
-10.5823 ,7.94382e+09 ,0.329596
-10.5823 ,7.94382e+09 ,0.329724
-10.5823 ,7.94382e+09 ,0.329856
-10.5823 ,7.94382e+09 ,0.329987
-10.5823 ,7.94382e+09 ,0.330119
-10.5823 ,7.94382e+09 ,0.330252
-10.5823 ,7.94382e+09 ,0.330384
-10.5823 ,7.94382e+09 ,0.330515
-10.5823 ,7.94382e+09 ,0.330686
-10.5823 ,7.94382e+09 ,0.330817
-10.5823 ,7.94382e+09 ,0.33095
-10.5823 ,7.94382e+09 ,0.331082
-10.5823 ,7.94382e+09 ,0.331213
-10.5823 ,7.94382e+09 ,0.331343
-10.5823 ,7.94382e+09 ,0.331473
-10.5823 ,7.94382e+09 ,0.331603
-10.5823 ,7.94382e+09 ,0.331776
-10.5823 ,7.94382e+09 ,0.331908
-10.5823 ,7.94382e+09 ,0.332039
-10.5823 ,7.94382e+09 ,0.33217
-10.5823 ,7.94382e+09 ,0.332301
-10.5823 ,7.94382e+09 ,0.332433
-10.5823 ,7.94382e+09 ,0.332564
-10.5823 ,7.94382e+09 ,0.332695
-10.5823 ,7.94382e+09 ,0.332857
-10.5823 ,7.94382e+09 ,0.33299
-10.5823 ,7.94382e+09 ,0.333122
-10.8635 ,7.68757e+09 ,0.333252
-10.8635 ,7.68757e+09 ,0.333383
-10.8635 ,7.68757e+09 ,0.333514
-10.8635 ,7.68757e+09 ,0.333646
-10.8635 ,7.68757e+09 ,0.333778
-10.8635 ,7.68757e+09 ,0.333943
-10.8635 ,7.68757e+09 ,0.334075
-10.8635 ,7.68757e+09 ,0.334206
-10.8635 ,7.68757e+09 ,0.334338
-10.8635 ,7.68757e+09 ,0.334468
-10.8635 ,7.68757e+09 ,0.334598
-10.8635 ,7.68757e+09 ,0.334726
-10.8635 ,7.68757e+09 ,0.334857
-10.8635 ,7.68757e+09 ,0.334989
-10.8635 ,7.68757e+09 ,0.33512
-10.8635 ,7.68757e+09 ,0.335251
-10.8635 ,7.68757e+09 ,0.335383
-10.8635 ,7.68757e+09 ,0.335515
-10.8635 ,7.68757e+09 ,0.335647
-10.8635 ,7.68757e+09 ,0.335778
-10.8635 ,7.68757e+09 ,0.335907
-10.8635 ,7.68757e+09 ,0.336038
-10.8635 ,7.68757e+09 ,0.33617
-10.8635 ,7.68757e+09 ,0.336301
-10.8635 ,7.68757e+09 ,0.336433
-10.8635 ,7.68757e+09 ,0.336563
-10.8635 ,7.68757e+09 ,0.336695
-10.8635 ,7.68757e+09 ,0.336859
-10.8635 ,7.68757e+09 ,0.336992
-10.8635 ,7.68757e+09 ,0.337125
-10.8635 ,7.68757e+09 ,0.337256
-10.8635 ,7.68757e+09 ,0.337387
-10.8635 ,7.68757e+09 ,0.337518
-10.8635 ,7.68757e+09 ,0.337654
-10.9949 ,7.44733e+09 ,0.337785
-10.9949 ,7.44733e+09 ,0.337916
-10.9949 ,7.44733e+09 ,0.338047
-10.9949 ,7.44733e+09 ,0.338178
-10.9949 ,7.44733e+09 ,0.338346
-10.9949 ,7.44733e+09 ,0.338479
-10.9949 ,7.44733e+09 ,0.338611
-10.9949 ,7.44733e+09 ,0.338742
-11.3212 ,7.22166e+09 ,0.338874
-11.3212 ,7.22166e+09 ,0.339004
-11.3212 ,7.22166e+09 ,0.339135
-11.3212 ,7.22166e+09 ,0.339267
-11.3212 ,7.22166e+09 ,0.33943
-11.4551 ,7.00925e+09 ,0.33956
-11.4551 ,7.00925e+09 ,0.339691
-11.4551 ,7.00925e+09 ,0.339823
-11.4551 ,7.00925e+09 ,0.339955
-11.4551 ,7.00925e+09 ,0.340086
-11.4551 ,7.00925e+09 ,0.340218
-11.4551 ,7.00925e+09 ,0.34035
-11.4551 ,7.00925e+09 ,0.340514
-11.4551 ,7.00925e+09 ,0.340645
-11.4551 ,7.00925e+09 ,0.340811
-11.4551 ,7.00925e+09 ,0.340944
-11.4551 ,7.00925e+09 ,0.341075
-11.4551 ,7.00925e+09 ,0.341207
-11.4551 ,7.00925e+09 ,0.341338
-11.4551 ,7.00925e+09 ,0.341468
-11.4551 ,7.00925e+09 ,0.3416
-11.4551 ,7.00925e+09 ,0.341731
-11.4551 ,7.00925e+09 ,0.341861
-11.4551 ,7.00925e+09 ,0.341993
-11.4551 ,7.00925e+09 ,0.342122
-11.4551 ,7.00925e+09 ,0.342254
-11.4551 ,7.00925e+09 ,0.342385
-11.4551 ,7.00925e+09 ,0.342516
-11.4551 ,7.00925e+09 ,0.342682
-11.4551 ,7.00925e+09 ,0.342813
-11.4551 ,7.00925e+09 ,0.342943
-11.4551 ,7.00925e+09 ,0.343075
-11.4551 ,7.00925e+09 ,0.343206
-11.4551 ,7.00925e+09 ,0.343336
-11.4551 ,7.00925e+09 ,0.343469
-11.4551 ,7.00925e+09 ,0.343599
-11.4551 ,7.00925e+09 ,0.343772
-11.4551 ,7.00925e+09 ,0.343904
-11.4551 ,7.00925e+09 ,0.344037
-11.4551 ,7.00925e+09 ,0.344169
-11.4551 ,7.00925e+09 ,0.344299
-11.4551 ,7.00925e+09 ,0.344429
-11.4551 ,7.00925e+09 ,0.34456
-11.4551 ,7.00925e+09 ,0.344708
-11.4551 ,7.00925e+09 ,0.344857
-11.4551 ,7.00925e+09 ,0.344988
-11.4551 ,7.00925e+09 ,0.345118
-11.4551 ,7.00925e+09 ,0.34525
-11.4551 ,7.00925e+09 ,0.345381
-11.4551 ,7.00925e+09 ,0.345512
-11.4551 ,7.00925e+09 ,0.345644
-11.4551 ,7.00925e+09 ,0.345776
-11.4551 ,7.00925e+09 ,0.345906
-11.4551 ,7.00925e+09 ,0.346039
-11.4551 ,7.00925e+09 ,0.34617
-11.4551 ,7.00925e+09 ,0.346299
-11.4551 ,7.00925e+09 ,0.346431
-11.4551 ,7.00925e+09 ,0.346562
-11.4551 ,7.00925e+09 ,0.346694
-11.4551 ,7.00925e+09 ,0.346826
-11.4551 ,7.00925e+09 ,0.346997
-11.4551 ,7.00925e+09 ,0.347127
-11.4551 ,7.00925e+09 ,0.347259
-11.4551 ,7.00925e+09 ,0.347388
-11.4551 ,7.00925e+09 ,0.34752
-11.4551 ,7.00925e+09 ,0.347651
-11.4551 ,7.00925e+09 ,0.347785
-11.4551 ,7.00925e+09 ,0.347915
-11.4551 ,7.00925e+09 ,0.348047
-11.4551 ,7.00925e+09 ,0.348177
-11.4551 ,7.00925e+09 ,0.348307
-11.4551 ,7.00925e+09 ,0.348439
-11.4551 ,7.00925e+09 ,0.348569
-11.4551 ,7.00925e+09 ,0.3487
-11.4551 ,7.00925e+09 ,0.348862
-11.4551 ,7.00925e+09 ,0.348995
-11.4551 ,7.00925e+09 ,0.349127
-11.4551 ,7.00925e+09 ,0.349259
-11.4551 ,7.00925e+09 ,0.34939
-11.4551 ,7.00925e+09 ,0.349519
-11.4551 ,7.00925e+09 ,0.349654
-11.4551 ,7.00925e+09 ,0.349785
-11.4551 ,7.00925e+09 ,0.349914
-11.4551 ,7.00925e+09 ,0.350046
-11.4551 ,7.00925e+09 ,0.350176
-11.4551 ,7.00925e+09 ,0.350342
-11.4551 ,7.00925e+09 ,0.350473
-11.4551 ,7.00925e+09 ,0.350604
-11.4551 ,7.00925e+09 ,0.350735
-11.4551 ,7.00925e+09 ,0.350868
-11.4551 ,7.00925e+09 ,0.351
-11.4551 ,7.00925e+09 ,0.351131
-11.4551 ,7.00925e+09 ,0.351278
-11.4551 ,7.00925e+09 ,0.351425
-11.4551 ,7.00925e+09 ,0.351559
-11.4551 ,7.00925e+09 ,0.35169
-11.4551 ,7.00925e+09 ,0.351821
-11.4551 ,7.00925e+09 ,0.351954
-11.4551 ,7.00925e+09 ,0.352084
-11.4551 ,7.00925e+09 ,0.352215
-11.4551 ,7.00925e+09 ,0.352379
-11.4551 ,7.00925e+09 ,0.352511
-11.4551 ,7.00925e+09 ,0.352643
-11.4551 ,7.00925e+09 ,0.352807
-11.4551 ,7.00925e+09 ,0.352939
-11.4551 ,7.00925e+09 ,0.353068
-11.4551 ,7.00925e+09 ,0.3532
-11.4551 ,7.00925e+09 ,0.35333
-11.4551 ,7.00925e+09 ,0.353462
-11.4551 ,7.00925e+09 ,0.353592
-11.4551 ,7.00925e+09 ,0.353723
-11.4551 ,7.00925e+09 ,0.353855
-11.4551 ,7.00925e+09 ,0.353985
-11.4551 ,7.00925e+09 ,0.354116
-11.4551 ,7.00925e+09 ,0.354248
-11.4551 ,7.00925e+09 ,0.35438
-11.6899 ,6.80899e+09 ,0.354511
-11.6899 ,6.80899e+09 ,0.354671
-11.6899 ,6.80899e+09 ,0.354802
-11.6899 ,6.80899e+09 ,0.354933
-11.6899 ,6.80899e+09 ,0.355066
-11.6899 ,6.80899e+09 ,0.355196
-11.6899 ,6.80899e+09 ,0.355327
-11.6899 ,6.80899e+09 ,0.355459
-11.6899 ,6.80899e+09 ,0.355606
-11.6899 ,6.80899e+09 ,0.355758
-11.6899 ,6.80899e+09 ,0.355889
-11.6899 ,6.80899e+09 ,0.35602
-11.6899 ,6.80899e+09 ,0.35615
-11.6899 ,6.80899e+09 ,0.356281
-11.6899 ,6.80899e+09 ,0.356412
-11.6899 ,6.80899e+09 ,0.356543
-11.6899 ,6.80899e+09 ,0.356675
-11.6899 ,6.80899e+09 ,0.35684
-11.6899 ,6.80899e+09 ,0.356974
-11.6899 ,6.80899e+09 ,0.357103
-11.6899 ,6.80899e+09 ,0.357234
-11.6899 ,6.80899e+09 ,0.357366
-11.6899 ,6.80899e+09 ,0.357498
-11.6899 ,6.80899e+09 ,0.357628
-11.6899 ,6.80899e+09 ,0.357758
-11.6899 ,6.80899e+09 ,0.357889
-11.6899 ,6.80899e+09 ,0.358024
-11.6899 ,6.80899e+09 ,0.358156
-11.6899 ,6.80899e+09 ,0.358287
-11.6899 ,6.80899e+09 ,0.358418
-11.6899 ,6.80899e+09 ,0.35855
-11.6899 ,6.80899e+09 ,0.358681
-11.6899 ,6.80899e+09 ,0.358813
-11.6899 ,6.80899e+09 ,0.358942
-11.6899 ,6.80899e+09 ,0.359074
-11.6899 ,6.80899e+09 ,0.359206
-11.6899 ,6.80899e+09 ,0.359338
-11.6899 ,6.80899e+09 ,0.359468
-11.6899 ,6.80899e+09 ,0.359598
-11.6899 ,6.80899e+09 ,0.35973
-11.6899 ,6.80899e+09 ,0.359861
-11.6899 ,6.80899e+09 ,0.359993
-11.6899 ,6.80899e+09 ,0.360124
-11.6899 ,6.80899e+09 ,0.360254
-11.6899 ,6.80899e+09 ,0.360385
-11.6899 ,6.80899e+09 ,0.360517
-11.6899 ,6.80899e+09 ,0.360649
-11.6899 ,6.80899e+09 ,0.360783
-11.6899 ,6.80899e+09 ,0.360946
-11.6899 ,6.80899e+09 ,0.361078
-11.6899 ,6.80899e+09 ,0.361208
-11.6899 ,6.80899e+09 ,0.361339
-11.6899 ,6.80899e+09 ,0.361471
-11.6899 ,6.80899e+09 ,0.361607
-11.6899 ,6.80899e+09 ,0.36174
-11.6899 ,6.80899e+09 ,0.361873
-11.6899 ,6.80899e+09 ,0.362023
-11.6899 ,6.80899e+09 ,0.36217
-11.6899 ,6.80899e+09 ,0.362301
-11.6899 ,6.80899e+09 ,0.362432
-11.6899 ,6.80899e+09 ,0.362562
-11.6899 ,6.80899e+09 ,0.362694
-11.6899 ,6.80899e+09 ,0.362825
-11.6899 ,6.80899e+09 ,0.362955
-11.6899 ,6.80899e+09 ,0.363087
-11.6899 ,6.80899e+09 ,0.363252
-11.6899 ,6.80899e+09 ,0.363383
-11.6899 ,6.80899e+09 ,0.363516
-11.6899 ,6.80899e+09 ,0.363648
-11.6899 ,6.80899e+09 ,0.363779
-11.6899 ,6.80899e+09 ,0.36391
-11.6899 ,6.80899e+09 ,0.364042
-11.6899 ,6.80899e+09 ,0.36417
-11.6899 ,6.80899e+09 ,0.364301
-11.6899 ,6.80899e+09 ,0.364432
-11.6899 ,6.80899e+09 ,0.364563
-11.6899 ,6.80899e+09 ,0.364695
-11.6899 ,6.80899e+09 ,0.364859
-11.6899 ,6.80899e+09 ,0.364992
-11.6899 ,6.80899e+09 ,0.365123
-11.6899 ,6.80899e+09 ,0.365253
-11.6899 ,6.80899e+09 ,0.365417
-11.6899 ,6.80899e+09 ,0.365547
-11.6899 ,6.80899e+09 ,0.36568
-11.6899 ,6.80899e+09 ,0.365811
-11.6899 ,6.80899e+09 ,0.365943
-11.6899 ,6.80899e+09 ,0.366074
-11.6899 ,6.80899e+09 ,0.366204
-11.6899 ,6.80899e+09 ,0.366335
-11.6899 ,6.80899e+09 ,0.366498
-11.6899 ,6.80899e+09 ,0.36663
-11.6899 ,6.80899e+09 ,0.366762
-11.6899 ,6.80899e+09 ,0.366895
-11.6899 ,6.80899e+09 ,0.367027
-11.6899 ,6.80899e+09 ,0.36716
-11.6899 ,6.80899e+09 ,0.36729
-11.6899 ,6.80899e+09 ,0.367421
-11.6899 ,6.80899e+09 ,0.367583
-11.6899 ,6.80899e+09 ,0.36772
-11.6899 ,6.80899e+09 ,0.367851
-11.6899 ,6.80899e+09 ,0.367983
-11.6899 ,6.80899e+09 ,0.368114
-11.6899 ,6.80899e+09 ,0.368275
-11.6899 ,6.80899e+09 ,0.368405
-11.6899 ,6.80899e+09 ,0.368537
-11.6899 ,6.80899e+09 ,0.368695
-11.6899 ,6.80899e+09 ,0.368844
-11.6899 ,6.80899e+09 ,0.368975
-11.6899 ,6.80899e+09 ,0.369107
-11.6899 ,6.80899e+09 ,0.36924
-11.6899 ,6.80899e+09 ,0.369371
-11.6899 ,6.80899e+09 ,0.369501
-11.6899 ,6.80899e+09 ,0.369633
-11.6899 ,6.80899e+09 ,0.369802
-11.6899 ,6.80899e+09 ,0.369951
-11.6899 ,6.80899e+09 ,0.370086
-11.6899 ,6.80899e+09 ,0.370218
-11.6899 ,6.80899e+09 ,0.37035
-12.5577 ,6.61985e+09 ,0.370481
-12.5577 ,6.61985e+09 ,0.370612
-12.5577 ,6.61985e+09 ,0.370744
-12.5577 ,6.61985e+09 ,0.370912
-12.5577 ,6.61985e+09 ,0.371044
-12.5577 ,6.61985e+09 ,0.371177
-12.5577 ,6.61985e+09 ,0.37131
-12.5577 ,6.61985e+09 ,0.371441
-12.5577 ,6.61985e+09 ,0.371578
-12.5577 ,6.61985e+09 ,0.37171
-12.5577 ,6.61985e+09 ,0.371858
-12.5577 ,6.61985e+09 ,0.372004
-12.5577 ,6.61985e+09 ,0.372135
-12.5577 ,6.61985e+09 ,0.372266
-12.5577 ,6.61985e+09 ,0.372398
-12.5577 ,6.61985e+09 ,0.372529
-12.5577 ,6.61985e+09 ,0.37266
-12.5577 ,6.61985e+09 ,0.372813
-12.5577 ,6.61985e+09 ,0.372962
-12.5577 ,6.61985e+09 ,0.373094
-12.5577 ,6.61985e+09 ,0.373225
-12.5577 ,6.61985e+09 ,0.373356
-12.5577 ,6.61985e+09 ,0.373486
-12.5577 ,6.61985e+09 ,0.373617
-12.5577 ,6.61985e+09 ,0.373749
-12.5577 ,6.61985e+09 ,0.373885
-12.5577 ,6.61985e+09 ,0.374048
-12.5577 ,6.61985e+09 ,0.374179
-12.5577 ,6.61985e+09 ,0.374309
-12.5577 ,6.61985e+09 ,0.37444
-12.5577 ,6.61985e+09 ,0.37457
-12.5577 ,6.61985e+09 ,0.374704
-12.5577 ,6.61985e+09 ,0.374836
-12.5577 ,6.61985e+09 ,0.374967
-12.5577 ,6.61985e+09 ,0.37513
-12.5577 ,6.61985e+09 ,0.375262
-12.5577 ,6.61985e+09 ,0.375395
-12.5577 ,6.61985e+09 ,0.375527
-12.5577 ,6.61985e+09 ,0.375659
-12.5577 ,6.61985e+09 ,0.375792
-12.5577 ,6.61985e+09 ,0.375922
-12.5577 ,6.61985e+09 ,0.376053
-12.5577 ,6.61985e+09 ,0.376186
-12.5577 ,6.61985e+09 ,0.376316
-12.5577 ,6.61985e+09 ,0.376448
-12.5577 ,6.61985e+09 ,0.376581
-12.5577 ,6.61985e+09 ,0.376712
-12.5577 ,6.61985e+09 ,0.376878
-12.5577 ,6.61985e+09 ,0.377011
-12.5577 ,6.61985e+09 ,0.37714
-12.5577 ,6.61985e+09 ,0.377301
-12.5577 ,6.61985e+09 ,0.377432
-12.5577 ,6.61985e+09 ,0.377564
-12.5577 ,6.61985e+09 ,0.377694
-12.5577 ,6.61985e+09 ,0.377825
-12.5577 ,6.61985e+09 ,0.377957
-12.5577 ,6.61985e+09 ,0.378088
-12.5577 ,6.61985e+09 ,0.37822
-12.5577 ,6.61985e+09 ,0.378383
-12.5577 ,6.61985e+09 ,0.378517
-12.5577 ,6.61985e+09 ,0.378648
-12.5577 ,6.61985e+09 ,0.37878
-12.5577 ,6.61985e+09 ,0.378911
-12.5577 ,6.61985e+09 ,0.379043
-12.5577 ,6.61985e+09 ,0.379174
-12.5577 ,6.61985e+09 ,0.379305
-12.5577 ,6.61985e+09 ,0.379469
-12.5577 ,6.61985e+09 ,0.379601
-12.5577 ,6.61985e+09 ,0.379731
-12.5577 ,6.61985e+09 ,0.379867
-12.5577 ,6.61985e+09 ,0.379997
-12.5577 ,6.61985e+09 ,0.38013
-12.5577 ,6.61985e+09 ,0.380261
-12.5577 ,6.61985e+09 ,0.380392
-12.5577 ,6.61985e+09 ,0.380553
-12.5577 ,6.61985e+09 ,0.380684
-12.5577 ,6.61985e+09 ,0.380849
-12.5577 ,6.61985e+09 ,0.380982
-12.5577 ,6.61985e+09 ,0.381113
-12.5577 ,6.61985e+09 ,0.381284
-12.5577 ,6.61985e+09 ,0.381415
-12.6544 ,6.44094e+09 ,0.381545
-12.6544 ,6.44094e+09 ,0.381716
-12.6544 ,6.44094e+09 ,0.381848
-12.6544 ,6.44094e+09 ,0.381981
-12.6544 ,6.44094e+09 ,0.382111
-12.6544 ,6.44094e+09 ,0.382244
-12.6544 ,6.44094e+09 ,0.382376
-12.6544 ,6.44094e+09 ,0.382507
-12.6544 ,6.44094e+09 ,0.382638
-12.6544 ,6.44094e+09 ,0.382803
-12.6544 ,6.44094e+09 ,0.382933
-12.6544 ,6.44094e+09 ,0.383065
-12.6544 ,6.44094e+09 ,0.383197
-12.6544 ,6.44094e+09 ,0.383329
-12.6544 ,6.44094e+09 ,0.38346
-12.6544 ,6.44094e+09 ,0.383591
-12.6544 ,6.44094e+09 ,0.383722
-12.6544 ,6.44094e+09 ,0.383854
-12.6544 ,6.44094e+09 ,0.383983
-12.6544 ,6.44094e+09 ,0.384115
-12.6544 ,6.44094e+09 ,0.384248
-12.6544 ,6.44094e+09 ,0.38438
-12.6544 ,6.44094e+09 ,0.384509
-12.6544 ,6.44094e+09 ,0.384639
-12.6544 ,6.44094e+09 ,0.384804
-12.6544 ,6.44094e+09 ,0.384936
-12.6544 ,6.44094e+09 ,0.385067
-12.6544 ,6.44094e+09 ,0.385198
-12.6544 ,6.44094e+09 ,0.38533
-12.6544 ,6.44094e+09 ,0.385462
-12.6544 ,6.44094e+09 ,0.385593
-12.6544 ,6.44094e+09 ,0.385724
-12.6544 ,6.44094e+09 ,0.385888
-12.6544 ,6.44094e+09 ,0.386022
-12.6544 ,6.44094e+09 ,0.386154
-12.6544 ,6.44094e+09 ,0.386286
-12.6544 ,6.44094e+09 ,0.386417
-12.6544 ,6.44094e+09 ,0.386548
-12.6544 ,6.44094e+09 ,0.386679
-12.6544 ,6.44094e+09 ,0.386811
-12.6544 ,6.44094e+09 ,0.386942
-12.6544 ,6.44094e+09 ,0.387074
-12.6544 ,6.44094e+09 ,0.387205
-12.6544 ,6.44094e+09 ,0.387336
-12.6544 ,6.44094e+09 ,0.387466
-12.6544 ,6.44094e+09 ,0.387597
-12.6544 ,6.44094e+09 ,0.387729
-12.6544 ,6.44094e+09 ,0.38786
-12.6544 ,6.44094e+09 ,0.388008
-12.6544 ,6.44094e+09 ,0.388154
-12.6544 ,6.44094e+09 ,0.388284
-12.6544 ,6.44094e+09 ,0.388414
-12.6544 ,6.44094e+09 ,0.388546
-12.6544 ,6.44094e+09 ,0.388678
-12.6544 ,6.44094e+09 ,0.388844
-12.6544 ,6.44094e+09 ,0.388976
-12.6544 ,6.44094e+09 ,0.389108
-12.6544 ,6.44094e+09 ,0.389241
-12.6544 ,6.44094e+09 ,0.389372
-12.6544 ,6.44094e+09 ,0.389504
-12.6544 ,6.44094e+09 ,0.389637
-12.6544 ,6.44094e+09 ,0.389768
-12.6544 ,6.44094e+09 ,0.389899
-12.6544 ,6.44094e+09 ,0.390028
-12.6544 ,6.44094e+09 ,0.390179
-12.6544 ,6.44094e+09 ,0.390325
-12.6544 ,6.44094e+09 ,0.390456
-12.6544 ,6.44094e+09 ,0.390587
-12.6544 ,6.44094e+09 ,0.390718
-12.6544 ,6.44094e+09 ,0.390849
-12.6544 ,6.44094e+09 ,0.390982
-12.6544 ,6.44094e+09 ,0.391113
-12.6544 ,6.44094e+09 ,0.391243
-12.6544 ,6.44094e+09 ,0.39141
-12.6544 ,6.44094e+09 ,0.391541
-12.6544 ,6.44094e+09 ,0.391674
-12.6544 ,6.44094e+09 ,0.391805
-12.6544 ,6.44094e+09 ,0.391942
-12.6544 ,6.44094e+09 ,0.392075
-12.6544 ,6.44094e+09 ,0.392206
-12.6544 ,6.44094e+09 ,0.392335
-12.6544 ,6.44094e+09 ,0.392505
-12.6544 ,6.44094e+09 ,0.392636
-12.6544 ,6.44094e+09 ,0.3928
-12.6544 ,6.44094e+09 ,0.392936
-12.6544 ,6.44094e+09 ,0.393068
-12.6544 ,6.44094e+09 ,0.393201
-12.6544 ,6.44094e+09 ,0.393333
-12.6544 ,6.44094e+09 ,0.393495
-12.6544 ,6.44094e+09 ,0.393627
-12.6544 ,6.44094e+09 ,0.393758
-12.6544 ,6.44094e+09 ,0.393889
-12.6544 ,6.44094e+09 ,0.394022
-12.6544 ,6.44094e+09 ,0.394153
-12.6544 ,6.44094e+09 ,0.394283
-12.6544 ,6.44094e+09 ,0.394416
-12.6544 ,6.44094e+09 ,0.394547
-12.6544 ,6.44094e+09 ,0.394679
-12.6544 ,6.44094e+09 ,0.394811
-12.6544 ,6.44094e+09 ,0.394941
-12.6544 ,6.44094e+09 ,0.395072
-12.6544 ,6.44094e+09 ,0.395205
-12.6544 ,6.44094e+09 ,0.395337
-12.6544 ,6.44094e+09 ,0.395469
-12.6544 ,6.44094e+09 ,0.395599
-12.6544 ,6.44094e+09 ,0.39576
-12.8339 ,6.27144e+09 ,0.39589
-12.8339 ,6.27144e+09 ,0.39602
-12.8339 ,6.27144e+09 ,0.39615
-12.8339 ,6.27144e+09 ,0.396282
-12.8339 ,6.27144e+09 ,0.396414
-12.8339 ,6.27144e+09 ,0.396546
-12.8339 ,6.27144e+09 ,0.396696
-12.8339 ,6.27144e+09 ,0.396843
-12.8339 ,6.27144e+09 ,0.396975
-12.8339 ,6.27144e+09 ,0.397105
-12.8339 ,6.27144e+09 ,0.397236
-12.8339 ,6.27144e+09 ,0.397368
-12.8339 ,6.27144e+09 ,0.3975
-12.8339 ,6.27144e+09 ,0.397631
-12.8339 ,6.27144e+09 ,0.397795
-12.8339 ,6.27144e+09 ,0.397926
-12.8339 ,6.27144e+09 ,0.398061
-12.8339 ,6.27144e+09 ,0.398192
-12.8339 ,6.27144e+09 ,0.398324
-12.8339 ,6.27144e+09 ,0.398454
-12.8339 ,6.27144e+09 ,0.398585
-12.8339 ,6.27144e+09 ,0.398716
-12.8339 ,6.27144e+09 ,0.398846
-12.8339 ,6.27144e+09 ,0.399006
-12.8339 ,6.27144e+09 ,0.399137
-12.8339 ,6.27144e+09 ,0.39927
-12.8339 ,6.27144e+09 ,0.399402
-12.8339 ,6.27144e+09 ,0.399539
-12.8339 ,6.27144e+09 ,0.399673
-12.8339 ,6.27144e+09 ,0.399803
-12.8339 ,6.27144e+09 ,0.399934
-12.8339 ,6.27144e+09 ,0.400064
-12.8339 ,6.27144e+09 ,0.400196
-12.8339 ,6.27144e+09 ,0.400329
-12.8339 ,6.27144e+09 ,0.400461
-12.8339 ,6.27144e+09 ,0.400595
-12.8339 ,6.27144e+09 ,0.40073
-12.8339 ,6.27144e+09 ,0.400924
-12.8339 ,6.27144e+09 ,0.401082
-12.8339 ,6.27144e+09 ,0.401212
-12.8339 ,6.27144e+09 ,0.401345
-12.8339 ,6.27144e+09 ,0.401475
-12.8339 ,6.27144e+09 ,0.401605
-12.8339 ,6.27144e+09 ,0.401737
-12.8339 ,6.27144e+09 ,0.401869
-12.8339 ,6.27144e+09 ,0.402
-12.8339 ,6.27144e+09 ,0.402165
-12.8339 ,6.27144e+09 ,0.402295
-12.8339 ,6.27144e+09 ,0.402425
-12.8339 ,6.27144e+09 ,0.402556
-12.8339 ,6.27144e+09 ,0.402688
-12.8339 ,6.27144e+09 ,0.402819
-12.8339 ,6.27144e+09 ,0.40295
-12.8339 ,6.27144e+09 ,0.403081
-12.8339 ,6.27144e+09 ,0.403243
-12.8339 ,6.27144e+09 ,0.403373
-12.8339 ,6.27144e+09 ,0.403503
-12.8339 ,6.27144e+09 ,0.403634
-12.8339 ,6.27144e+09 ,0.403765
-12.8339 ,6.27144e+09 ,0.403896
-12.8339 ,6.27144e+09 ,0.404032
-12.8339 ,6.27144e+09 ,0.404159
-12.8339 ,6.27144e+09 ,0.404318
-12.8339 ,6.27144e+09 ,0.40445
-12.8339 ,6.27144e+09 ,0.404582
-12.8339 ,6.27144e+09 ,0.404714
-12.8339 ,6.27144e+09 ,0.40488
-12.8339 ,6.27144e+09 ,0.405013
-12.8339 ,6.27144e+09 ,0.405145
-12.8339 ,6.27144e+09 ,0.405276
-12.8339 ,6.27144e+09 ,0.40544
-12.8339 ,6.27144e+09 ,0.405572
-12.8339 ,6.27144e+09 ,0.405706
-12.8339 ,6.27144e+09 ,0.405837
-12.8339 ,6.27144e+09 ,0.405968
-12.8339 ,6.27144e+09 ,0.406099
-12.8339 ,6.27144e+09 ,0.40623
-12.8339 ,6.27144e+09 ,0.406362
-12.8339 ,6.27144e+09 ,0.406493
-12.8339 ,6.27144e+09 ,0.406622
-12.8339 ,6.27144e+09 ,0.406754
-12.8339 ,6.27144e+09 ,0.406883
